time	taxa
35.0	1.0
34.989997142040586	1.0
34.979994284081165	1.0
34.96999142612175	1.0
34.95998856816233	1.0
34.94998571020292	1.0
34.939982852243496	1.0
34.92997999428408	1.0
34.91997713632466	1.0
34.90997427836525	1.0
34.899971420405834	1.0
34.88996856244641	1.0
34.879965704487	1.0
34.86996284652758	1.0
34.859959988568164	1.0
34.84995713060874	1.0
34.83995427264933	1.0
34.82995141468991	1.0
34.819948556730495	1.0
34.80994569877108	1.0
34.79994284081166	1.0
34.789939982852246	1.0
34.779937124892825	1.0
34.76993426693341	1.0
34.75993140897399	1.0
34.74992855101458	1.0
34.739925693055156	1.0
34.72992283509574	1.0
34.71991997713632	1.0
34.70991711917691	1.0
34.699914261217494	1.0
34.68991140325807	1.0
34.67990854529866	1.0
34.66990568733924	1.0
34.659902829379824	1.0
34.6498999714204	1.0
34.63989711346099	1.0
34.62989425550157	1.0
34.619891397542155	1.0
34.60988853958274	1.0
34.59988568162332	1.0
34.589882823663906	1.0
34.579879965704485	1.0
34.56987710774507	1.0
34.55987424978565	1.0
34.54987139182624	1.0
34.539868533866816	1.0
34.5298656759074	1.0
34.51986281794799	1.0
34.50985995998857	1.0
34.499857102029154	1.0
34.48985424406973	1.0
34.47985138611032	1.0
34.4698485281509	1.0
34.459845670191484	1.0
34.44984281223206	1.0
34.43983995427265	1.0
34.429837096313236	1.0
34.419834238353815	1.0
34.4098313803944	1.0
34.39982852243498	1.0
34.389825664475566	1.0
34.379822806516145	1.0
34.36981994855673	1.0
34.35981709059731	1.0
34.3498142326379	1.0
34.33981137467848	1.0
34.32980851671906	1.0
34.31980565875965	1.0
34.30980280080023	1.0
34.299799942840814	1.0
34.28979708488139	1.0
34.27979422692198	1.0
34.26979136896256	1.0
34.259788511003144	1.0
34.24978565304372	1.0
34.23978279508431	1.0
34.229779937124896	1.0
34.219777079165475	1.0
34.20977422120606	1.0
34.19977136324664	1.0
34.189768505287226	1.0
34.179765647327805	1.0
34.16976278936839	1.0
34.15975993140897	1.0
34.14975707344956	1.0
34.13975421549014	1.0
34.12975135753072	1.0
34.11974849957131	1.0
34.10974564161189	1.0
34.099742783652474	1.0
34.08973992569305	1.0
34.07973706773364	1.0
34.06973420977422	1.0
34.059731351814804	1.0
34.04972849385539	1.0
34.03972563589597	1.0
34.029722777936556	1.0
34.019719919977135	1.0
34.00971706201772	1.0
33.9997142040583	1.0
33.989711346098886	1.0
33.979708488139465	1.0
33.96970563018005	1.0
33.95970277222064	1.0
33.94969991426122	1.0
33.9396970563018	1.0
33.92969419834238	1.0
33.91969134038297	1.0
33.90968848242355	1.0
33.899685624464134	1.0
33.88968276650471	1.0
33.8796799085453	1.0
33.86967705058588	1.0
33.859674192626464	1.0
33.84967133466705	1.0
33.83966847670763	1.0
33.829665618748216	1.0
33.819662760788795	1.0
33.80965990282938	1.0
33.79965704486996	1.0
33.789654186910546	1.0
33.77965132895113	1.0
33.76964847099171	1.0
33.7596456130323	1.0
33.74964275507288	1.0
33.73963989711346	1.0
33.72963703915404	1.0
33.71963418119463	1.0
33.70963132323521	1.0
33.699628465275794	1.0
33.68962560731637	1.0
33.67962274935696	1.0
33.669619891397545	1.0
33.659617033438124	1.0
33.64961417547871	1.0
33.63961131751929	1.0
33.629608459559876	1.0
33.619605601600455	1.0
33.60960274364104	1.0
33.59959988568162	1.0
33.589597027722206	1.0
33.57959416976279	1.0
33.56959131180337	1.0
33.55958845384396	1.0
33.54958559588454	1.0
33.53958273792512	1.0
33.5295798799657	1.0
33.51957702200629	1.0
33.50957416404687	1.0
33.499571306087454	1.0
33.48956844812804	1.0
33.47956559016862	1.0
33.469562732209205	1.0
33.459559874249784	1.0
33.44955701629037	1.0
33.43955415833095	1.0
33.429551300371536	1.0
33.419548442412115	1.0
33.4095455844527	1.0
33.39954272649328	1.0
33.389539868533866	1.0
33.37953701057445	1.0
33.36953415261503	1.0
33.35953129465562	1.0
33.3495284366962	1.0
33.33952557873678	1.0
33.32952272077736	1.0
33.31951986281795	1.0
33.309517004858535	1.0
33.299514146899114	1.0
33.2895112889397	1.0
33.27950843098028	1.0
33.269505573020865	1.0
33.259502715061444	1.0
33.24949985710203	1.0
33.23949699914261	1.0
33.229494141183196	1.0
33.219491283223775	1.0
33.20948842526436	1.0
33.19948556730495	1.0
33.189482709345526	1.0
33.17947985138611	1.0
33.16947699342669	1.0
33.15947413546728	1.0
33.14947127750786	1.0
33.13946841954844	1.0
33.12946556158902	1.0
33.11946270362961	1.0
33.109459845670195	1.0
33.099456987710774	1.0
33.08945412975136	1.0
33.07945127179194	1.0
33.069448413832525	1.0
33.059445555873104	1.0
33.04944269791369	1.0
33.03943983995427	1.0
33.029436981994856	1.0
33.01943412403544	1.0
33.00943126607602	1.0
32.99942840811661	1.0
32.989425550157186	1.0
32.97942269219777	1.0
32.96941983423835	1.0
32.95941697627894	1.0
32.94941411831952	1.0
32.9394112603601	1.0
32.92940840240068	1.0
32.91940554444127	1.0
32.909402686481855	1.0
32.899399828522434	1.0
32.88939697056302	1.0
32.8793941126036	1.0
32.869391254644185	1.0
32.859388396684764	1.0
32.84938553872535	1.0
32.83938268076594	1.0
32.829379822806516	1.0
32.8193769648471	1.0
32.80937410688768	1.0
32.79937124892827	1.0
32.789368390968846	2.0
32.77936553300943	2.0
32.76936267505001	2.0
32.7593598170906	2.0
32.74935695913118	2.0
32.73935410117176	2.0
32.72935124321235	2.0
32.71934838525293	2.0
32.709345527293515	2.0
32.699342669334094	2.0
32.68933981137468	2.0
32.67933695341526	2.0
32.669334095455845	2.0
32.659331237496424	2.0
32.64932837953701	2.0
32.6393255215776	2.0
32.629322663618176	2.0
32.61931980565876	2.0
32.60931694769934	2.0
32.59931408973993	2.0
32.589311231780506	2.0
32.57930837382109	2.0
32.56930551586167	2.0
32.55930265790226	2.0
32.549299799942844	2.0
32.53929694198342	2.0
32.52929408402401	2.0
32.51929122606459	2.0
32.509288368105175	2.0
32.499285510145754	2.0
32.48928265218634	2.0
32.47927979422692	2.0
32.469276936267505	2.0
32.459274078308084	2.0
32.44927122034867	2.0
32.43926836238926	2.0
32.429265504429836	2.0
32.41926264647042	2.0
32.409259788511	2.0
32.39925693055159	2.0
32.389254072592166	2.0
32.37925121463275	2.0
32.36924835667334	2.0
32.35924549871392	2.0
32.349242640754504	2.0
32.33923978279508	2.0
32.32923692483567	2.0
32.31923406687625	2.0
32.309231208916835	2.0
32.299228350957414	2.0
32.289225492998	2.0
32.27922263503858	2.0
32.269219777079165	2.0
32.25921691911975	2.0
32.24921406116033	2.0
32.23921120320092	2.0
32.229208345241496	2.0
32.21920548728208	2.0
32.20920262932266	2.0
32.19919977136325	2.0
32.189196913403826	2.0
32.17919405544441	2.0
32.169191197485	2.0
32.15918833952558	2.0
32.149185481566164	2.0
32.13918262360674	2.0
32.12917976564733	2.0
32.11917690768791	2.0
32.109174049728495	2.0
32.099171191769074	2.0
32.08916833380966	2.0
32.079165475850246	2.0
32.069162617890825	2.0
32.05915975993141	2.0
32.04915690197199	2.0
32.03915404401258	2.0
32.029151186053156	2.0
32.01914832809374	2.0
32.00914547013432	2.0
31.999142612174907	2.0
31.98913975421549	2.0
31.979136896256072	2.0
31.969134038296655	2.0
31.959131180337238	2.0
31.949128322377824	2.0
31.939125464418407	2.0
31.92912260645899	2.0
31.919119748499572	2.0
31.909116890540155	2.0
31.899114032580737	2.0
31.88911117462132	2.0
31.879108316661902	2.0
31.869105458702485	2.0
31.859102600743068	2.0
31.84909974278365	2.0
31.839096884824237	2.0
31.82909402686482	2.0
31.819091168905402	2.0
31.809088310945985	2.0
31.799085452986567	2.0
31.78908259502715	2.0
31.779079737067732	2.0
31.769076879108315	2.0
31.759074021148898	2.0
31.749071163189484	2.0
31.739068305230067	2.0
31.72906544727065	2.0
31.719062589311232	2.0
31.709059731351815	2.0
31.699056873392397	2.0
31.68905401543298	2.0
31.679051157473562	2.0
31.669048299514145	2.0
31.65904544155473	2.0
31.649042583595314	2.0
31.639039725635897	2.0
31.62903686767648	2.0
31.619034009717062	2.0
31.609031151757645	2.0
31.599028293798227	2.0
31.58902543583881	2.0
31.579022577879392	2.0
31.56901971991998	2.0
31.55901686196056	2.0
31.549014004001144	2.0
31.539011146041727	2.0
31.52900828808231	2.0
31.519005430122892	2.0
31.509002572163475	2.0
31.498999714204057	2.0
31.48899685624464	2.0
31.478993998285226	2.0
31.46899114032581	2.0
31.45898828236639	2.0
31.448985424406974	2.0
31.438982566447557	2.0
31.42897970848814	2.0
31.418976850528722	2.0
31.408973992569305	2.0
31.398971134609887	2.0
31.38896827665047	2.0
31.378965418691052	2.0
31.36896256073164	2.0
31.35895970277222	2.0
31.348956844812804	2.0
31.338953986853387	2.0
31.32895112889397	2.0
31.318948270934552	2.0
31.308945412975135	2.0
31.298942555015717	2.0
31.2889396970563	2.0
31.278936839096886	2.0
31.26893398113747	2.0
31.25893112317805	2.0
31.248928265218634	2.0
31.238925407259217	2.0
31.2289225492998	2.0
31.218919691340382	2.0
31.208916833380965	2.0
31.198913975421547	2.0
31.188911117462133	2.0
31.178908259502716	2.0
31.1689054015433	2.0
31.15890254358388	2.0
31.148899685624464	2.0
31.138896827665047	2.0
31.12889396970563	2.0
31.118891111746212	2.0
31.108888253786795	2.0
31.09888539582738	2.0
31.088882537867963	2.0
31.078879679908546	2.0
31.06887682194913	2.0
31.05887396398971	2.0
31.048871106030294	2.0
31.038868248070877	2.0
31.02886539011146	2.0
31.018862532152042	2.0
31.008859674192628	2.0
30.998856816233207	2.0
30.988853958273793	2.0
30.978851100314376	2.0
30.96884824235496	2.0
30.95884538439554	2.0
30.948842526436124	2.0
30.938839668476707	2.0
30.92883681051729	2.0
30.918833952557875	2.0
30.908831094598455	2.0
30.89882823663904	2.0
30.888825378679623	2.0
30.878822520720206	2.0
30.86881966276079	2.0
30.85881680480137	2.0
30.848813946841954	2.0
30.838811088882537	2.0
30.828808230923123	2.0
30.818805372963702	2.0
30.808802515004288	2.0
30.79879965704487	2.0
30.788796799085453	2.0
30.778793941126036	2.0
30.76879108316662	2.0
30.7587882252072	2.0
30.748785367247784	2.0
30.738782509288367	2.0
30.72877965132895	2.0
30.718776793369535	2.0
30.708773935410118	2.0
30.6987710774507	2.0
30.688768219491283	2.0
30.678765361531866	2.0
30.66876250357245	2.0
30.65875964561303	2.0
30.648756787653614	2.0
30.638753929694197	2.0
30.628751071734783	2.0
30.618748213775362	2.0
30.608745355815948	2.0
30.59874249785653	2.0
30.588739639897113	2.0
30.578736781937696	2.0
30.56873392397828	2.0
30.55873106601886	2.0
30.548728208059444	2.0
30.53872535010003	2.0
30.52872249214061	2.0
30.518719634181195	2.0
30.508716776221778	3.0
30.49871391826236	3.0
30.488711060302943	3.0
30.478708202343526	3.0
30.46870534438411	3.0
30.45870248642469	3.0
30.448699628465278	3.0
30.438696770505857	3.0
30.428693912546443	3.0
30.418691054587025	3.0
30.408688196627608	3.0
30.39868533866819	3.0
30.388682480708773	3.0
30.378679622749356	3.0
30.36867676478994	3.0
30.358673906830525	3.0
30.348671048871104	3.0
30.33866819091169	3.0
30.328665332952273	3.0
30.318662474992855	3.0
30.308659617033438	3.0
30.29865675907402	3.0
30.288653901114603	3.0
30.278651043155186	3.0
30.26864818519577	3.0
30.25864532723635	3.0
30.248642469276938	3.0
30.23863961131752	3.0
30.228636753358103	3.0
30.218633895398685	3.0
30.208631037439268	3.0
30.19862817947985	3.0
30.188625321520433	3.0
30.178622463561016	3.0
30.1686196056016	3.0
30.158616747642185	3.0
30.148613889682768	3.0
30.13861103172335	3.0
30.128608173763933	3.0
30.118605315804515	3.0
30.108602457845098	3.0
30.09859959988568	3.0
30.088596741926263	3.0
30.078593883966846	3.0
30.068591026007432	3.0
30.05858816804801	3.0
30.048585310088598	4.0
30.03858245212918	4.0
30.028579594169763	4.0
30.018576736210346	4.0
30.008573878250928	4.0
29.99857102029151	4.0
29.988568162332093	4.0
29.97856530437268	4.0
29.96856244641326	4.0
29.958559588453845	4.0
29.948556730494428	4.0
29.93855387253501	4.0
29.928551014575593	4.0
29.918548156616176	4.0
29.908545298656758	4.0
29.89854244069734	4.0
29.888539582737927	4.0
29.878536724778506	4.0
29.868533866819092	4.0
29.858531008859675	4.0
29.848528150900258	4.0
29.83852529294084	4.0
29.828522434981423	4.0
29.818519577022006	4.0
29.808516719062588	4.0
29.79851386110317	4.0
29.788511003143753	4.0
29.77850814518434	4.0
29.768505287224922	4.0
29.758502429265505	4.0
29.748499571306088	4.0
29.73849671334667	4.0
29.728493855387253	4.0
29.718490997427836	4.0
29.708488139468418	4.0
29.698485281509	4.0
29.688482423549587	4.0
29.67847956559017	4.0
29.668476707630752	4.0
29.658473849671335	4.0
29.648470991711918	4.0
29.6384681337525	4.0
29.628465275793083	4.0
29.618462417833666	4.0
29.608459559874248	5.0
29.598456701914834	5.0
29.588453843955413	5.0
29.578450985996	5.0
29.568448128036582	5.0
29.558445270077165	5.0
29.548442412117748	5.0
29.53843955415833	5.0
29.528436696198913	5.0
29.518433838239496	5.0
29.50843098028008	5.0
29.49842812232066	5.0
29.488425264361247	5.0
29.47842240640183	5.0
29.468419548442412	5.0
29.458416690482995	5.0
29.448413832523578	5.0
29.43841097456416	5.0
29.428408116604743	5.0
29.41840525864533	4.0
29.408402400685908	4.0
29.398399542726494	4.0
29.388396684767077	4.0
29.37839382680766	4.0
29.368390968848242	4.0
29.358388110888825	4.0
29.348385252929408	4.0
29.33838239496999	4.0
29.328379537010573	4.0
29.318376679051156	4.0
29.30837382109174	4.0
29.298370963132324	4.0
29.288368105172907	4.0
29.27836524721349	4.0
29.268362389254072	4.0
29.258359531294655	4.0
29.248356673335238	4.0
29.23835381537582	4.0
29.228350957416403	4.0
29.21834809945699	4.0
29.20834524149757	4.0
29.198342383538154	4.0
29.188339525578737	4.0
29.17833666761932	4.0
29.168333809659902	4.0
29.158330951700485	4.0
29.148328093741068	4.0
29.13832523578165	4.0
29.128322377822236	4.0
29.118319519862816	4.0
29.1083166619034	4.0
29.098313803943984	4.0
29.088310945984567	4.0
29.07830808802515	4.0
29.068305230065732	4.0
29.058302372106315	4.0
29.048299514146898	4.0
29.038296656187484	4.0
29.028293798228063	4.0
29.01829094026865	4.0
29.00828808230923	4.0
28.998285224349814	4.0
28.988282366390397	4.0
28.97827950843098	4.0
28.968276650471562	4.0
28.958273792512145	4.0
28.94827093455273	4.0
28.93826807659331	4.0
28.928265218633896	4.0
28.91826236067448	4.0
28.90825950271506	4.0
28.898256644755644	4.0
28.888253786796227	4.0
28.87825092883681	4.0
28.868248070877392	4.0
28.858245212917975	4.0
28.848242354958558	4.0
28.838239496999144	4.0
28.828236639039726	4.0
28.81823378108031	3.0
28.80823092312089	3.0
28.798228065161474	3.0
28.788225207202057	3.0
28.77822234924264	3.0
28.768219491283222	3.0
28.758216633323805	3.0
28.74821377536439	3.0
28.738210917404974	3.0
28.728208059445556	3.0
28.71820520148614	3.0
28.70820234352672	3.0
28.698199485567304	3.0
28.688196627607887	3.0
28.67819376964847	3.0
28.668190911689052	3.0
28.65818805372964	3.0
28.648185195770218	3.0
28.638182337810804	3.0
28.628179479851386	3.0
28.61817662189197	3.0
28.60817376393255	3.0
28.598170905973134	3.0
28.588168048013717	3.0
28.5781651900543	3.0
28.568162332094886	3.0
28.558159474135465	3.0
28.54815661617605	3.0
28.538153758216634	3.0
28.528150900257216	3.0
28.5181480422978	3.0
28.50814518433838	3.0
28.498142326378964	3.0
28.488139468419547	3.0
28.478136610460133	3.0
28.468133752500712	3.0
28.4581308945413	3.0
28.44812803658188	3.0
28.438125178622464	3.0
28.428122320663046	3.0
28.41811946270363	3.0
28.40811660474421	3.0
28.398113746784794	3.0
28.388110888825377	3.0
28.37810803086596	3.0
28.368105172906546	3.0
28.35810231494713	3.0
28.34809945698771	3.0
28.338096599028294	3.0
28.328093741068876	3.0
28.31809088310946	3.0
28.30808802515004	3.0
28.298085167190624	3.0
28.288082309231207	3.0
28.278079451271793	3.0
28.268076593312376	3.0
28.25807373535296	3.0
28.24807087739354	3.0
28.238068019434124	3.0
28.228065161474706	4.0
28.21806230351529	4.0
28.20805944555587	4.0
28.198056587596454	4.0
28.18805372963704	4.0
28.17805087167762	4.0
28.168048013718206	4.0
28.15804515575879	4.0
28.14804229779937	4.0
28.138039439839954	4.0
28.128036581880536	4.0
28.11803372392112	4.0
28.1080308659617	4.0
28.098028008002288	4.0
28.088025150042867	4.0
28.078022292083453	4.0
28.068019434124036	4.0
28.05801657616462	4.0
28.0480137182052	4.0
28.038010860245784	4.0
28.028008002286366	4.0
28.01800514432695	4.0
28.008002286367535	4.0
27.997999428408114	4.0
27.9879965704487	4.0
27.977993712489283	4.0
27.967990854529866	4.0
27.95798799657045	4.0
27.94798513861103	4.0
27.937982280651614	4.0
27.927979422692196	4.0
27.91797656473278	4.0
27.90797370677336	4.0
27.897970848813948	4.0
27.88796799085453	4.0
27.877965132895113	4.0
27.867962274935696	4.0
27.85795941697628	4.0
27.84795655901686	4.0
27.837953701057444	4.0
27.827950843098026	4.0
27.81794798513861	4.0
27.807945127179195	4.0
27.797942269219778	4.0
27.78793941126036	4.0
27.777936553300943	4.0
27.767933695341526	4.0
27.75793083738211	4.0
27.74792797942269	4.0
27.737925121463274	4.0
27.727922263503856	4.0
27.717919405544443	4.0
27.70791654758502	4.0
27.697913689625608	4.0
27.68791083166619	5.0
27.677907973706773	5.0
27.667905115747356	5.0
27.65790225778794	5.0
27.64789939982852	5.0
27.637896541869104	5.0
27.62789368390969	5.0
27.61789082595027	5.0
27.607887967990855	5.0
27.597885110031438	5.0
27.58788225207202	5.0
27.577879394112603	5.0
27.567876536153186	5.0
27.55787367819377	5.0
27.54787082023435	5.0
27.537867962274937	5.0
27.527865104315516	5.0
27.517862246356103	5.0
27.507859388396685	5.0
27.497856530437268	5.0
27.48785367247785	5.0
27.477850814518433	5.0
27.467847956559016	5.0
27.4578450985996	5.0
27.44784224064018	5.0
27.437839382680764	5.0
27.42783652472135	5.0
27.417833666761933	5.0
27.407830808802515	5.0
27.397827950843098	5.0
27.38782509288368	5.0
27.377822234924263	5.0
27.367819376964846	5.0
27.35781651900543	5.0
27.34781366104601	5.0
27.337810803086597	5.0
27.32780794512718	5.0
27.317805087167763	5.0
27.307802229208345	5.0
27.297799371248928	5.0
27.28779651328951	5.0
27.277793655330093	5.0
27.267790797370676	5.0
27.25778793941126	5.0
27.247785081451845	6.0
27.237782223492424	6.0
27.22777936553301	6.0
27.217776507573593	6.0
27.207773649614175	6.0
27.197770791654758	6.0
27.18776793369534	6.0
27.177765075735923	6.0
27.167762217776506	6.0
27.157759359817092	5.0
27.14775650185767	5.0
27.137753643898257	5.0
27.12775078593884	5.0
27.117747927979423	5.0
27.107745070020005	5.0
27.097742212060588	5.0
27.08773935410117	5.0
27.077736496141753	5.0
27.06773363818234	5.0
27.05773078022292	5.0
27.047727922263505	5.0
27.037725064304087	5.0
27.02772220634467	5.0
27.017719348385253	5.0
27.007716490425835	6.0
26.997713632466418	6.0
26.987710774507	6.0
26.977707916547587	6.0
26.967705058588166	6.0
26.957702200628752	6.0
26.94769934266933	6.0
26.937696484709917	6.0
26.9276936267505	6.0
26.917690768791083	7.0
26.907687910831665	7.0
26.897685052872248	7.0
26.887682194912834	7.0
26.877679336953413	7.0
26.867676478994	7.0
26.85767362103458	7.0
26.847670763075165	7.0
26.837667905115747	7.0
26.82766504715633	7.0
26.817662189196913	7.0
26.807659331237495	7.0
26.79765647327808	7.0
26.78765361531866	7.0
26.777650757359247	7.0
26.767647899399826	7.0
26.757645041440412	7.0
26.747642183480995	7.0
26.737639325521577	7.0
26.72763646756216	7.0
26.717633609602743	8.0
26.707630751643325	8.0
26.697627893683908	8.0
26.687625035724494	8.0
26.677622177765073	8.0
26.66761931980566	8.0
26.657616461846242	8.0
26.647613603886825	8.0
26.637610745927407	8.0
26.62760788796799	8.0
26.617605030008573	8.0
26.607602172049155	8.0
26.59759931408974	8.0
26.58759645613032	8.0
26.577593598170907	8.0
26.567590740211486	8.0
26.557587882252072	8.0
26.547585024292655	8.0
26.537582166333237	8.0
26.52757930837382	8.0
26.517576450414403	8.0
26.50757359245499	8.0
26.497570734495568	8.0
26.487567876536154	8.0
26.477565018576733	8.0
26.46756216061732	8.0
26.457559302657902	9.0
26.447556444698485	9.0
26.437553586739067	9.0
26.42755072877965	9.0
26.417547870820236	9.0
26.407545012860815	9.0
26.3975421549014	9.0
26.38753929694198	9.0
26.377536438982567	9.0
26.36753358102315	9.0
26.357530723063732	9.0
26.347527865104315	9.0
26.337525007144897	9.0
26.327522149185484	9.0
26.317519291226063	9.0
26.30751643326665	9.0
26.297513575307228	8.0
26.287510717347814	8.0
26.277507859388397	8.0
26.26750500142898	8.0
26.257502143469562	8.0
26.247499285510145	8.0
26.237496427550727	8.0
26.22749356959131	8.0
26.217490711631896	8.0
26.207487853672475	8.0
26.19748499571306	8.0
26.187482137753644	8.0
26.177479279794227	9.0
26.16747642183481	9.0
26.157473563875392	9.0
26.147470705915975	9.0
26.137467847956557	9.0
26.127464989997144	9.0
26.117462132037723	9.0
26.10745927407831	9.0
26.097456416118888	9.0
26.087453558159474	9.0
26.077450700200057	9.0
26.06744784224064	9.0
26.057444984281222	9.0
26.047442126321805	9.0
26.03743926836239	9.0
26.02743641040297	9.0
26.017433552443556	9.0
26.007430694484135	9.0
25.99742783652472	9.0
25.987424978565304	9.0
25.977422120605887	9.0
25.96741926264647	10.0
25.957416404687052	10.0
25.94741354672764	10.0
25.937410688768217	10.0
25.927407830808804	10.0
25.917404972849383	10.0
25.90740211488997	10.0
25.89739925693055	10.0
25.887396398971134	10.0
25.877393541011717	10.0
25.8673906830523	10.0
25.857387825092886	10.0
25.847384967133465	10.0
25.83738210917405	10.0
25.82737925121463	10.0
25.817376393255216	10.0
25.8073735352958	10.0
25.79737067733638	10.0
25.787367819376964	10.0
25.777364961417547	10.0
25.76736210345813	11.0
25.757359245498712	11.0
25.7473563875393	11.0
25.737353529579877	11.0
25.727350671620464	11.0
25.717347813661046	11.0
25.70734495570163	11.0
25.69734209774221	11.0
25.687339239782794	11.0
25.677336381823377	11.0
25.66733352386396	12.0
25.657330665904546	12.0
25.647327807945125	12.0
25.63732494998571	12.0
25.62732209202629	12.0
25.617319234066876	12.0
25.60731637610746	12.0
25.59731351814804	12.0
25.587310660188624	12.0
25.577307802229207	12.0
25.567304944269793	13.0
25.557302086310372	13.0
25.54729922835096	13.0
25.537296370391537	13.0
25.527293512432124	13.0
25.517290654472706	13.0
25.50728779651329	13.0
25.49728493855387	13.0
25.487282080594454	13.0
25.47727922263504	13.0
25.46727636467562	13.0
25.457273506716206	13.0
25.447270648756785	13.0
25.43726779079737	13.0
25.427264932837954	13.0
25.417262074878536	13.0
25.40725921691912	14.0
25.3972563589597	14.0
25.387253501000288	14.0
25.377250643040867	14.0
25.367247785081453	14.0
25.357244927122032	14.0
25.34724206916262	14.0
25.3372392112032	14.0
25.327236353243784	14.0
25.317233495284366	14.0
25.30723063732495	14.0
25.297227779365535	14.0
25.287224921406114	14.0
25.2772220634467	14.0
25.26721920548728	14.0
25.257216347527866	14.0
25.24721348956845	14.0
25.23721063160903	14.0
25.227207773649614	14.0
25.217204915690196	14.0
25.20720205773078	14.0
25.19719919977136	14.0
25.187196341811948	14.0
25.177193483852527	14.0
25.167190625893113	14.0
25.157187767933692	14.0
25.14718490997428	14.0
25.13718205201486	14.0
25.127179194055444	13.0
25.117176336096026	13.0
25.10717347813661	13.0
25.097170620177195	13.0
25.087167762217774	13.0
25.07716490425836	13.0
25.06716204629894	13.0
25.057159188339526	13.0
25.04715633038011	13.0
25.03715347242069	13.0
25.027150614461274	13.0
25.017147756501856	13.0
25.007144898542442	13.0
24.99714204058302	13.0
24.987139182623608	13.0
24.977136324664187	13.0
24.967133466704773	13.0
24.957130608745356	13.0
24.94712775078594	13.0
24.93712489282652	13.0
24.927122034867104	13.0
24.91711917690769	13.0
24.90711631894827	13.0
24.897113460988855	13.0
24.887110603029434	13.0
24.87710774507002	13.0
24.867104887110603	13.0
24.857102029151186	13.0
24.84709917119177	13.0
24.83709631323235	13.0
24.827093455272937	13.0
24.817090597313516	13.0
24.807087739354102	13.0
24.79708488139468	13.0
24.787082023435268	13.0
24.77707916547585	13.0
24.767076307516433	13.0
24.757073449557016	13.0
24.7470705915976	13.0
24.73706773363818	13.0
24.727064875678764	13.0
24.71706201771935	14.0
24.70705915975993	14.0
24.697056301800515	14.0
24.687053443841094	14.0
24.67705058588168	14.0
24.667047727922263	14.0
24.657044869962846	14.0
24.64704201200343	14.0
24.63703915404401	14.0
24.627036296084597	14.0
24.617033438125176	14.0
24.607030580165763	14.0
24.59702772220634	14.0
24.587024864246928	14.0
24.57702200628751	14.0
24.567019148328093	14.0
24.557016290368676	14.0
24.54701343240926	14.0
24.537010574449845	14.0
24.527007716490424	14.0
24.51700485853101	14.0
24.50700200057159	14.0
24.496999142612175	14.0
24.486996284652758	14.0
24.47699342669334	14.0
24.466990568733923	14.0
24.456987710774506	13.0
24.446984852815092	13.0
24.43698199485567	13.0
24.426979136896257	13.0
24.416976278936836	13.0
24.406973420977423	12.0
24.396970563018005	12.0
24.386967705058588	12.0
24.37696484709917	12.0
24.366961989139753	12.0
24.35695913118034	13.0
24.34695627322092	13.0
24.336953415261505	13.0
24.326950557302084	13.0
24.31694769934267	13.0
24.306944841383253	13.0
24.296941983423835	13.0
24.286939125464418	13.0
24.276936267505	13.0
24.266933409545583	13.0
24.256930551586166	13.0
24.246927693626752	13.0
24.23692483566733	13.0
24.226921977707917	14.0
24.216919119748496	14.0
24.206916261789083	14.0
24.196913403829665	14.0
24.186910545870248	14.0
24.17690768791083	14.0
24.166904829951413	14.0
24.156901971992	14.0
24.14689911403258	14.0
24.136896256073165	14.0
24.126893398113744	14.0
24.11689054015433	14.0
24.106887682194913	14.0
24.096884824235495	14.0
24.086881966276078	15.0
24.07687910831666	15.0
24.066876250357247	15.0
24.056873392397826	15.0
24.046870534438412	15.0
24.03686767647899	16.0
24.026864818519577	16.0
24.01686196056016	16.0
24.006859102600743	16.0
23.996856244641325	17.0
23.986853386681908	17.0
23.976850528722494	17.0
23.966847670763073	17.0
23.95684481280366	18.0
23.94684195484424	18.0
23.936839096884825	18.0
23.926836238925407	19.0
23.91683338096599	19.0
23.906830523006573	20.0
23.896827665047155	20.0
23.88682480708774	20.0
23.87682194912832	21.0
23.866819091168907	21.0
23.856816233209486	21.0
23.846813375250072	21.0
23.836810517290655	21.0
23.826807659331237	21.0
23.81680480137182	21.0
23.806801943412403	21.0
23.796799085452985	22.0
23.786796227493568	22.0
23.776793369534154	22.0
23.766790511574733	22.0
23.75678765361532	22.0
23.746784795655902	22.0
23.736781937696485	22.0
23.726779079737067	22.0
23.71677622177765	22.0
23.706773363818233	22.0
23.696770505858815	22.0
23.6867676478994	22.0
23.67676478993998	22.0
23.666761931980567	22.0
23.656759074021146	22.0
23.646756216061732	22.0
23.636753358102315	21.0
23.626750500142897	21.0
23.61674764218348	21.0
23.606744784224063	21.0
23.59674192626465	21.0
23.586739068305228	21.0
23.576736210345814	21.0
23.566733352386393	21.0
23.55673049442698	21.0
23.546727636467562	21.0
23.536724778508145	20.0
23.526721920548727	20.0
23.51671906258931	21.0
23.506716204629896	21.0
23.496713346670475	21.0
23.48671048871106	21.0
23.47670763075164	21.0
23.466704772792227	21.0
23.45670191483281	21.0
23.446699056873392	22.0
23.436696198913975	22.0
23.426693340954557	22.0
23.416690482995143	22.0
23.406687625035723	22.0
23.39668476707631	22.0
23.386681909116888	22.0
23.376679051157474	20.0
23.366676193198057	20.0
23.35667333523864	21.0
23.346670477279222	21.0
23.336667619319805	21.0
23.326664761360387	21.0
23.31666190340097	21.0
23.306659045441556	21.0
23.296656187482135	20.0
23.28665332952272	20.0
23.276650471563304	20.0
23.266647613603887	20.0
23.25664475564447	20.0
23.246641897685052	20.0
23.236639039725635	20.0
23.226636181766217	20.0
23.216633323806803	20.0
23.206630465847383	19.0
23.19662760788797	19.0
23.186624749928548	19.0
23.176621891969134	19.0
23.166619034009717	19.0
23.1566161760503	19.0
23.146613318090882	19.0
23.136610460131465	19.0
23.12660760217205	18.0
23.11660474421263	18.0
23.106601886253216	18.0
23.096599028293795	19.0
23.08659617033438	19.0
23.076593312374964	19.0
23.066590454415547	19.0
23.05658759645613	19.0
23.046584738496712	19.0
23.036581880537298	19.0
23.026579022577877	19.0
23.016576164618463	19.0
23.006573306659043	19.0
22.99657044869963	19.0
22.98656759074021	19.0
22.976564732780794	19.0
22.966561874821377	19.0
22.95655901686196	19.0
22.946556158902546	18.0
22.936553300943125	18.0
22.92655044298371	18.0
22.91654758502429	18.0
22.906544727064876	18.0
22.89654186910546	18.0
22.88653901114604	18.0
22.876536153186624	18.0
22.866533295227207	18.0
22.85653043726779	18.0
22.846527579308372	18.0
22.836524721348958	18.0
22.826521863389537	18.0
22.816519005430123	18.0
22.806516147470706	18.0
22.79651328951129	18.0
22.78651043155187	18.0
22.776507573592454	18.0
22.766504715633037	18.0
22.75650185767362	18.0
22.746498999714206	18.0
22.736496141754785	18.0
22.72649328379537	19.0
22.71649042583595	19.0
22.706487567876536	19.0
22.69648470991712	19.0
22.6864818519577	19.0
22.676478993998284	19.0
22.666476136038867	19.0
22.656473278079453	19.0
22.646470420120032	19.0
22.636467562160618	19.0
22.626464704201197	19.0
22.616461846241783	18.0
22.606458988282366	18.0
22.59645613032295	18.0
22.58645327236353	18.0
22.576450414404114	18.0
22.5664475564447	18.0
22.55644469848528	19.0
22.546441840525866	19.0
22.536438982566445	19.0
22.52643612460703	19.0
22.516433266647613	19.0
22.506430408688196	19.0
22.49642755072878	19.0
22.48642469276936	19.0
22.476421834809948	19.0
22.466418976850527	19.0
22.456416118891113	19.0
22.446413260931692	18.0
22.436410402972278	18.0
22.42640754501286	18.0
22.416404687053443	18.0
22.406401829094026	18.0
22.39639897113461	18.0
22.38639611317519	18.0
22.376393255215774	18.0
22.36639039725636	19.0
22.35638753929694	19.0
22.346384681337526	20.0
22.336381823378108	20.0
22.32637896541869	20.0
22.316376107459273	20.0
22.306373249499856	20.0
22.29637039154044	20.0
22.28636753358102	20.0
22.276364675621608	20.0
22.266361817662187	20.0
22.256358959702773	20.0
22.246356101743352	20.0
22.236353243783938	20.0
22.22635038582452	20.0
22.216347527865103	20.0
22.206344669905686	20.0
22.19634181194627	20.0
22.186338953986855	20.0
22.176336096027434	20.0
22.16633323806802	21.0
22.1563303801086	21.0
22.146327522149186	21.0
22.136324664189768	21.0
22.12632180623035	21.0
22.116318948270933	21.0
22.106316090311516	21.0
22.096313232352102	21.0
22.08631037439268	21.0
22.076307516433268	21.0
22.066304658473847	21.0
22.056301800514433	21.0
22.046298942555016	21.0
22.036296084595598	21.0
22.02629322663618	21.0
22.016290368676763	21.0
22.00628751071735	21.0
21.99628465275793	20.0
21.986281794798515	20.0
21.976278936839094	20.0
21.96627607887968	20.0
21.956273220920263	19.0
21.946270362960846	19.0
21.936267505001428	19.0
21.92626464704201	19.0
21.916261789082593	19.0
21.906258931123176	18.0
21.896256073163762	18.0
21.88625321520434	18.0
21.876250357244928	17.0
21.86624749928551	17.0
21.856244641326093	17.0
21.846241783366676	17.0
21.836238925407258	17.0
21.82623606744784	17.0
21.816233209488423	17.0
21.80623035152901	17.0
21.79622749356959	17.0
21.786224635610175	17.0
21.776221777650754	18.0
21.76621891969134	18.0
21.756216061731923	18.0
21.746213203772506	18.0
21.736210345813088	18.0
21.72620748785367	18.0
21.716204629894257	18.0
21.706201771934836	18.0
21.696198913975422	18.0
21.686196056016	19.0
21.676193198056588	19.0
21.66619034009717	19.0
21.656187482137753	19.0
21.646184624178336	19.0
21.636181766218918	19.0
21.626178908259504	19.0
21.616176050300083	20.0
21.60617319234067	20.0
21.59617033438125	20.0
21.586167476421835	20.0
21.576164618462418	20.0
21.566161760503	20.0
21.556158902543583	20.0
21.546156044584166	20.0
21.53615318662475	20.0
21.52615032866533	20.0
21.516147470705917	21.0
21.506144612746496	21.0
21.496141754787082	21.0
21.486138896827665	21.0
21.476136038868248	21.0
21.46613318090883	21.0
21.456130322949413	21.0
21.446127464989996	21.0
21.436124607030578	21.0
21.426121749071164	20.0
21.416118891111743	20.0
21.40611603315233	20.0
21.396113175192912	20.0
21.386110317233495	20.0
21.376107459274078	20.0
21.36610460131466	20.0
21.356101743355243	20.0
21.346098885395826	19.0
21.33609602743641	19.0
21.32609316947699	19.0
21.316090311517577	19.0
21.306087453558156	19.0
21.296084595598742	19.0
21.286081737639325	19.0
21.276078879679908	19.0
21.26607602172049	19.0
21.256073163761073	19.0
21.24607030580166	19.0
21.236067447842238	19.0
21.226064589882824	19.0
21.216061731923403	19.0
21.20605887396399	19.0
21.196056016004572	20.0
21.186053158045155	20.0
21.176050300085738	20.0
21.16604744212632	20.0
21.156044584166906	20.0
21.146041726207486	20.0
21.13603886824807	20.0
21.12603601028865	20.0
21.116033152329237	20.0
21.10603029436982	20.0
21.096027436410402	20.0
21.086024578450985	20.0
21.076021720491568	20.0
21.066018862532154	20.0
21.056016004572733	20.0
21.04601314661332	19.0
21.036010288653898	19.0
21.026007430694484	19.0
21.016004572735067	19.0
21.00600171477565	19.0
20.995998856816232	20.0
20.985995998856815	20.0
20.975993140897398	20.0
20.96599028293798	20.0
20.955987424978566	20.0
20.945984567019146	20.0
20.93598170905973	20.0
20.925978851100314	20.0
20.915975993140897	20.0
20.90597313518148	20.0
20.895970277222062	20.0
20.885967419262645	20.0
20.875964561303228	20.0
20.865961703343814	20.0
20.855958845384393	21.0
20.84595598742498	21.0
20.835953129465558	21.0
20.825950271506144	21.0
20.815947413546727	21.0
20.80594455558731	21.0
20.795941697627892	21.0
20.785938839668475	21.0
20.77593598170906	19.0
20.76593312374964	19.0
20.755930265790226	19.0
20.745927407830806	19.0
20.73592454987139	19.0
20.725921691911974	19.0
20.715918833952557	19.0
20.70591597599314	19.0
20.695913118033722	18.0
20.68591026007431	18.0
20.675907402114888	18.0
20.665904544155474	18.0
20.655901686196053	19.0
20.64589882823664	19.0
20.635895970277222	19.0
20.625893112317804	19.0
20.615890254358387	19.0
20.60588739639897	19.0
20.595884538439556	19.0
20.585881680480135	19.0
20.57587882252072	19.0
20.5658759645613	19.0
20.555873106601886	19.0
20.54587024864247	19.0
20.535867390683052	19.0
20.525864532723634	20.0
20.515861674764217	20.0
20.5058588168048	20.0
20.495855958845382	20.0
20.48585310088597	20.0
20.475850242926548	20.0
20.465847384967134	20.0
20.455844527007716	20.0
20.4458416690483	20.0
20.435838811088882	20.0
20.425835953129464	20.0
20.415833095170047	20.0
20.40583023721063	20.0
20.395827379251216	20.0
20.385824521291795	20.0
20.37582166333238	20.0
20.36581880537296	20.0
20.355815947413546	20.0
20.34581308945413	20.0
20.335810231494712	20.0
20.325807373535294	19.0
20.315804515575877	19.0
20.305801657616463	19.0
20.295798799657042	19.0
20.28579594169763	19.0
20.275793083738208	19.0
20.265790225778794	19.0
20.255787367819376	19.0
20.24578450985996	19.0
20.235781651900542	19.0
20.225778793941124	19.0
20.21577593598171	19.0
20.20577307802229	19.0
20.195770220062876	19.0
20.185767362103455	18.0
20.17576450414404	18.0
20.165761646184624	18.0
20.155758788225207	17.0
20.14575593026579	17.0
20.135753072306372	17.0
20.125750214346958	17.0
20.115747356387537	17.0
20.105744498428123	17.0
20.095741640468702	17.0
20.08573878250929	17.0
20.07573592454987	17.0
20.065733066590454	16.0
20.055730208631037	16.0
20.04572735067162	16.0
20.035724492712202	16.0
20.025721634752784	16.0
20.01571877679337	16.0
20.00571591883395	16.0
19.995713060874536	16.0
19.98571020291512	16.0
19.9757073449557	16.0
19.965704486996284	16.0
19.955701629036867	16.0
19.94569877107745	16.0
19.935695913118032	16.0
19.925693055158618	16.0
19.915690197199197	16.0
19.905687339239783	16.0
19.895684481280362	16.0
19.88568162332095	16.0
19.87567876536153	16.0
19.865675907402114	16.0
19.855673049442697	16.0
19.84567019148328	16.0
19.835667333523865	16.0
19.825664475564444	16.0
19.81566161760503	15.0
19.80565875964561	15.0
19.795655901686196	15.0
19.78565304372678	15.0
19.77565018576736	15.0
19.765647327807944	15.0
19.755644469848527	15.0
19.745641611889113	15.0
19.735638753929692	15.0
19.725635895970278	15.0
19.715633038010857	15.0
19.705630180051443	15.0
19.695627322092026	15.0
19.68562446413261	15.0
19.67562160617319	15.0
19.665618748213774	15.0
19.65561589025436	15.0
19.64561303229494	15.0
19.635610174335525	15.0
19.625607316376104	15.0
19.61560445841669	15.0
19.605601600457273	15.0
19.595598742497856	15.0
19.58559588453844	15.0
19.57559302657902	15.0
19.565590168619604	15.0
19.555587310660187	15.0
19.545584452700773	16.0
19.535581594741352	16.0
19.525578736781938	16.0
19.51557587882252	16.0
19.505573020863103	16.0
19.495570162903686	16.0
19.48556730494427	16.0
19.47556444698485	16.0
19.465561589025434	16.0
19.45555873106602	16.0
19.4455558731066	16.0
19.435553015147185	16.0
19.425550157187764	16.0
19.41554729922835	16.0
19.405544441268933	16.0
19.395541583309516	16.0
19.3855387253501	16.0
19.37553586739068	17.0
19.365533009431267	17.0
19.355530151471847	17.0
19.345527293512433	17.0
19.335524435553012	17.0
19.325521577593598	17.0
19.31551871963418	17.0
19.305515861674763	17.0
19.295513003715346	17.0
19.28551014575593	17.0
19.275507287796515	17.0
19.265504429837094	17.0
19.25550157187768	17.0
19.24549871391826	17.0
19.235495855958845	17.0
19.225492997999428	17.0
19.21549014004001	17.0
19.205487282080593	17.0
19.195484424121176	17.0
19.185481566161762	17.0
19.17547870820234	17.0
19.165475850242927	17.0
19.155472992283507	17.0
19.145470134324093	17.0
19.135467276364675	18.0
19.125464418405258	18.0
19.11546156044584	18.0
19.105458702486423	18.0
19.095455844527006	18.0
19.08545298656759	18.0
19.075450128608175	18.0
19.065447270648754	18.0
19.05544441268934	18.0
19.045441554729923	18.0
19.035438696770505	18.0
19.025435838811088	18.0
19.01543298085167	18.0
19.005430122892253	18.0
18.995427264932836	18.0
18.98542440697342	18.0
18.975421549014005	18.0
18.965418691054587	18.0
18.95541583309517	19.0
18.945412975135753	19.0
18.935410117176335	19.0
18.925407259216918	19.0
18.9154044012575	19.0
18.905401543298083	19.0
18.895398685338666	20.0
18.88539582737925	20.0
18.875392969419835	20.0
18.865390111460417	20.0
18.855387253501	20.0
18.845384395541583	20.0
18.835381537582165	20.0
18.825378679622748	20.0
18.81537582166333	20.0
18.805372963703913	20.0
18.795370105744496	21.0
18.785367247785082	21.0
18.775364389825665	21.0
18.765361531866247	21.0
18.75535867390683	21.0
18.745355815947413	21.0
18.735352957987995	21.0
18.725350100028578	21.0
18.71534724206916	21.0
18.705344384109743	21.0
18.69534152615033	21.0
18.685338668190912	22.0
18.675335810231495	22.0
18.665332952272077	22.0
18.65533009431266	22.0
18.645327236353243	22.0
18.635324378393825	22.0
18.625321520434408	22.0
18.61531866247499	22.0
18.605315804515573	21.0
18.59531294655616	21.0
18.585310088596742	21.0
18.575307230637325	21.0
18.565304372677907	21.0
18.55530151471849	21.0
18.545298656759073	22.0
18.535295798799655	22.0
18.525292940840238	22.0
18.51529008288082	22.0
18.505287224921407	22.0
18.49528436696199	21.0
18.485281509002572	21.0
18.475278651043155	21.0
18.465275793083737	21.0
18.45527293512432	21.0
18.445270077164903	21.0
18.435267219205485	21.0
18.425264361246068	21.0
18.41526150328665	21.0
18.405258645327237	21.0
18.39525578736782	21.0
18.385252929408402	22.0
18.375250071448985	22.0
18.365247213489567	22.0
18.35524435553015	22.0
18.345241497570733	22.0
18.335238639611315	22.0
18.325235781651898	22.0
18.315232923692484	22.0
18.305230065733067	21.0
18.29522720777365	21.0
18.285224349814232	21.0
18.275221491854815	21.0
18.265218633895397	22.0
18.25521577593598	22.0
18.245212917976563	22.0
18.235210060017145	22.0
18.22520720205773	22.0
18.215204344098314	22.0
18.205201486138897	22.0
18.19519862817948	22.0
18.185195770220062	22.0
18.175192912260645	22.0
18.165190054301227	22.0
18.15518719634181	22.0
18.145184338382393	22.0
18.135181480422975	22.0
18.12517862246356	22.0
18.115175764504144	22.0
18.105172906544727	22.0
18.09517004858531	22.0
18.085167190625892	22.0
18.075164332666475	23.0
18.065161474707057	23.0
18.05515861674764	23.0
18.045155758788223	23.0
18.03515290082881	23.0
18.02515004286939	23.0
18.015147184909974	23.0
18.005144326950557	23.0
17.99514146899114	23.0
17.985138611031722	23.0
17.975135753072305	23.0
17.965132895112887	23.0
17.95513003715347	23.0
17.945127179194053	23.0
17.93512432123464	23.0
17.92512146327522	23.0
17.915118605315804	23.0
17.905115747356387	23.0
17.89511288939697	24.0
17.885110031437552	24.0
17.875107173478135	24.0
17.865104315518717	23.0
17.8551014575593	23.0
17.845098599599886	23.0
17.83509574164047	23.0
17.82509288368105	23.0
17.815090025721634	23.0
17.805087167762217	23.0
17.7950843098028	24.0
17.785081451843382	24.0
17.775078593883965	24.0
17.765075735924547	24.0
17.755072877965134	24.0
17.745070020005716	24.0
17.7350671620463	24.0
17.72506430408688	23.0
17.715061446127464	23.0
17.705058588168047	23.0
17.69505573020863	23.0
17.685052872249212	24.0
17.675050014289795	24.0
17.665047156330377	24.0
17.655044298370964	24.0
17.645041440411546	24.0
17.63503858245213	24.0
17.62503572449271	24.0
17.615032866533294	24.0
17.605030008573877	24.0
17.59502715061446	24.0
17.585024292655042	24.0
17.575021434695625	24.0
17.56501857673621	24.0
17.555015718776794	24.0
17.545012860817376	24.0
17.53501000285796	25.0
17.52500714489854	25.0
17.515004286939124	25.0
17.505001428979707	25.0
17.49499857102029	25.0
17.484995713060872	25.0
17.474992855101455	25.0
17.46498999714204	25.0
17.454987139182624	25.0
17.444984281223206	25.0
17.43498142326379	25.0
17.42497856530437	25.0
17.414975707344954	25.0
17.404972849385537	25.0
17.39496999142612	25.0
17.384967133466702	25.0
17.37496427550729	23.0
17.36496141754787	23.0
17.354958559588454	23.0
17.344955701629036	23.0
17.33495284366962	24.0
17.3249499857102	24.0
17.314947127750784	24.0
17.304944269791367	24.0
17.29494141183195	24.0
17.284938553872536	24.0
17.27493569591312	24.0
17.2649328379537	24.0
17.254929979994284	24.0
17.244927122034866	24.0
17.23492426407545	24.0
17.22492140611603	24.0
17.214918548156614	24.0
17.204915690197197	24.0
17.19491283223778	25.0
17.184909974278366	25.0
17.17490711631895	25.0
17.16490425835953	25.0
17.154901400400114	25.0
17.144898542440696	25.0
17.13489568448128	25.0
17.12489282652186	25.0
17.114889968562444	25.0
17.104887110603027	26.0
17.094884252643613	26.0
17.084881394684196	26.0
17.07487853672478	26.0
17.06487567876536	26.0
17.054872820805944	26.0
17.044869962846526	26.0
17.03486710488711	26.0
17.02486424692769	26.0
17.014861388968274	26.0
17.004858531008857	25.0
16.994855673049443	25.0
16.984852815090026	25.0
16.97484995713061	25.0
16.96484709917119	25.0
16.954844241211774	25.0
16.944841383252356	25.0
16.93483852529294	25.0
16.92483566733352	24.0
16.914832809374104	24.0
16.90482995141469	25.0
16.894827093455273	25.0
16.884824235495856	24.0
16.87482137753644	24.0
16.86481851957702	24.0
16.854815661617604	24.0
16.844812803658186	24.0
16.83480994569877	24.0
16.82480708773935	24.0
16.814804229779938	24.0
16.80480137182052	24.0
16.794798513861103	24.0
16.784795655901686	24.0
16.77479279794227	24.0
16.76478993998285	23.0
16.754787082023434	23.0
16.744784224064016	23.0
16.7347813661046	23.0
16.72477850814518	23.0
16.714775650185768	23.0
16.70477279222635	23.0
16.694769934266933	23.0
16.684767076307516	23.0
16.6747642183481	23.0
16.66476136038868	23.0
16.654758502429264	23.0
16.644755644469846	23.0
16.63475278651043	24.0
16.624749928551015	24.0
16.614747070591598	24.0
16.60474421263218	24.0
16.594741354672763	24.0
16.584738496713346	24.0
16.57473563875393	24.0
16.56473278079451	24.0
16.554729922835094	24.0
16.544727064875676	24.0
16.53472420691626	24.0
16.524721348956845	24.0
16.514718490997428	24.0
16.50471563303801	25.0
16.494712775078593	25.0
16.484709917119176	25.0
16.47470705915976	25.0
16.46470420120034	25.0
16.454701343240924	25.0
16.444698485281506	25.0
16.434695627322093	25.0
16.424692769362675	25.0
16.414689911403258	25.0
16.40468705344384	25.0
16.394684195484423	25.0
16.384681337525006	25.0
16.37467847956559	25.0
16.36467562160617	25.0
16.354672763646754	25.0
16.34466990568734	24.0
16.334667047727923	24.0
16.324664189768505	24.0
16.314661331809088	24.0
16.30465847384967	24.0
16.294655615890253	24.0
16.284652757930836	24.0
16.27464989997142	23.0
16.264647042012	23.0
16.254644184052584	22.0
16.24464132609317	22.0
16.234638468133753	22.0
16.224635610174335	23.0
16.214632752214918	23.0
16.2046298942555	23.0
16.194627036296083	22.0
16.184624178336666	22.0
16.17462132037725	22.0
16.16461846241783	21.0
16.154615604458417	21.0
16.144612746499	21.0
16.134609888539583	21.0
16.124607030580165	21.0
16.114604172620748	21.0
16.10460131466133	22.0
16.094598456701913	22.0
16.084595598742496	22.0
16.07459274078308	22.0
16.064589882823665	22.0
16.054587024864247	22.0
16.04458416690483	22.0
16.034581308945413	22.0
16.024578450985995	22.0
16.014575593026578	22.0
16.00457273506716	22.0
15.994569877107743	22.0
15.984567019148326	22.0
15.974564161188908	23.0
15.964561303229495	23.0
15.954558445270077	23.0
15.94455558731066	23.0
15.934552729351243	23.0
15.924549871391825	23.0
15.914547013432408	23.0
15.90454415547299	23.0
15.894541297513573	23.0
15.884538439554156	23.0
15.874535581594742	23.0
15.864532723635325	23.0
15.854529865675907	23.0
15.84452700771649	23.0
15.834524149757073	23.0
15.824521291797655	22.0
15.814518433838238	22.0
15.80451557587882	22.0
15.794512717919403	22.0
15.784509859959986	22.0
15.774507002000572	22.0
15.764504144041155	22.0
15.754501286081737	22.0
15.74449842812232	22.0
15.734495570162903	22.0
15.724492712203485	23.0
15.714489854244068	23.0
15.70448699628465	23.0
15.694484138325233	23.0
15.68448128036582	24.0
15.674478422406402	24.0
15.664475564446985	24.0
15.654472706487567	25.0
15.64446984852815	25.0
15.634466990568733	25.0
15.624464132609315	25.0
15.614461274649898	26.0
15.60445841669048	26.0
15.594455558731067	26.0
15.58445270077165	26.0
15.574449842812232	26.0
15.564446984852815	26.0
15.554444126893397	27.0
15.54444126893398	27.0
15.534438410974563	27.0
15.524435553015145	27.0
15.514432695055728	27.0
15.50442983709631	27.0
15.494426979136897	27.0
15.48442412117748	27.0
15.474421263218062	26.0
15.464418405258645	26.0
15.454415547299227	26.0
15.44441268933981	26.0
15.434409831380393	27.0
15.424406973420975	27.0
15.414404115461558	27.0
15.404401257502144	27.0
15.394398399542727	27.0
15.38439554158331	27.0
15.374392683623892	28.0
15.364389825664475	28.0
15.354386967705057	28.0
15.34438410974564	28.0
15.334381251786223	28.0
15.324378393826805	28.0
15.314375535867388	28.0
15.304372677907974	28.0
15.294369819948557	29.0
15.28436696198914	29.0
15.274364104029722	29.0
15.264361246070305	29.0
15.254358388110887	29.0
15.24435553015147	29.0
15.234352672192053	29.0
15.224349814232635	29.0
15.214346956273221	28.0
15.204344098313804	28.0
15.194341240354387	28.0
15.18433838239497	28.0
15.174335524435552	28.0
15.164332666476135	28.0
15.154329808516717	28.0
15.1443269505573	28.0
15.134324092597883	28.0
15.124321234638469	29.0
15.114318376679051	29.0
15.104315518719634	29.0
15.094312660760217	29.0
15.0843098028008	29.0
15.074306944841382	29.0
15.064304086881965	29.0
15.054301228922547	29.0
15.04429837096313	31.0
15.034295513003713	31.0
15.024292655044299	30.0
15.014289797084881	30.0
15.004286939125464	30.0
14.994284081166047	30.0
14.98428122320663	30.0
14.974278365247212	30.0
14.964275507287795	30.0
14.954272649328377	30.0
14.94426979136896	30.0
14.934266933409546	30.0
14.924264075450129	30.0
14.914261217490711	30.0
14.904258359531294	31.0
14.894255501571877	31.0
14.88425264361246	31.0
14.874249785653042	31.0
14.864246927693625	31.0
14.854244069734207	31.0
14.84424121177479	32.0
14.834238353815376	32.0
14.824235495855959	32.0
14.814232637896541	32.0
14.804229779937124	31.0
14.794226921977707	31.0
14.78422406401829	31.0
14.774221206058872	31.0
14.764218348099455	30.0
14.754215490140037	30.0
14.744212632180624	30.0
14.734209774221206	30.0
14.724206916261789	30.0
14.714204058302371	30.0
14.704201200342954	30.0
14.694198342383537	30.0
14.68419548442412	30.0
14.674192626464702	31.0
14.664189768505285	31.0
14.65418691054587	31.0
14.644184052586454	31.0
14.634181194627036	31.0
14.624178336667619	31.0
14.614175478708201	31.0
14.604172620748784	31.0
14.594169762789367	31.0
14.58416690482995	31.0
14.574164046870532	32.0
14.564161188911115	32.0
14.5541583309517	32.0
14.544155472992284	32.0
14.534152615032866	33.0
14.524149757073449	33.0
14.514146899114031	33.0
14.504144041154614	33.0
14.494141183195197	33.0
14.48413832523578	33.0
14.474135467276362	33.0
14.464132609316948	33.0
14.45412975135753	33.0
14.444126893398114	34.0
14.434124035438696	34.0
14.424121177479279	34.0
14.414118319519861	34.0
14.404115461560444	34.0
14.394112603601027	34.0
14.38410974564161	34.0
14.374106887682192	34.0
14.364104029722778	34.0
14.35410117176336	33.0
14.344098313803944	33.0
14.334095455844526	33.0
14.324092597885109	33.0
14.314089739925691	33.0
14.304086881966274	33.0
14.294084024006857	33.0
14.28408116604744	34.0
14.274078308088026	34.0
14.264075450128608	34.0
14.25407259216919	34.0
14.244069734209774	34.0
14.234066876250356	34.0
14.224064018290939	34.0
14.214061160331521	34.0
14.204058302372104	34.0
14.194055444412687	34.0
14.184052586453273	34.0
14.174049728493856	34.0
14.164046870534438	34.0
14.15404401257502	34.0
14.144041154615604	34.0
14.134038296656186	34.0
14.124035438696769	34.0
14.114032580737351	34.0
14.104029722777934	34.0
14.094026864818517	34.0
14.084024006859103	34.0
14.074021148899686	34.0
14.064018290940268	34.0
14.05401543298085	35.0
14.044012575021434	35.0
14.034009717062016	35.0
14.024006859102599	35.0
14.014004001143181	35.0
14.004001143183764	35.0
13.99399828522435	35.0
13.983995427264933	35.0
13.973992569305516	35.0
13.963989711346098	35.0
13.95398685338668	35.0
13.943983995427264	35.0
13.933981137467846	35.0
13.923978279508429	34.0
13.913975421549011	34.0
13.903972563589594	34.0
13.89396970563018	34.0
13.883966847670763	34.0
13.873963989711346	34.0
13.863961131751928	34.0
13.85395827379251	34.0
13.843955415833094	34.0
13.833952557873676	34.0
13.823949699914259	34.0
13.813946841954841	34.0
13.803943983995428	34.0
13.79394112603601	33.0
13.783938268076593	33.0
13.773935410117176	33.0
13.763932552157758	34.0
13.75392969419834	34.0
13.743926836238924	34.0
13.733923978279506	34.0
13.723921120320089	34.0
13.713918262360675	33.0
13.703915404401258	33.0
13.69391254644184	33.0
13.683909688482423	33.0
13.673906830523006	33.0
13.663903972563588	33.0
13.65390111460417	34.0
13.643898256644754	34.0
13.633895398685336	33.0
13.623892540725919	33.0
13.613889682766505	33.0
13.603886824807088	33.0
13.59388396684767	33.0
13.583881108888253	33.0
13.573878250928836	33.0
13.563875392969418	33.0
13.55387253501	33.0
13.543869677050584	33.0
13.533866819091166	31.0
13.523863961131752	31.0
13.513861103172335	31.0
13.503858245212918	31.0
13.4938553872535	31.0
13.483852529294083	31.0
13.473849671334666	31.0
13.463846813375248	31.0
13.453843955415831	31.0
13.443841097456414	32.0
13.433838239496996	32.0
13.423835381537582	32.0
13.413832523578165	32.0
13.403829665618748	30.0
13.39382680765933	30.0
13.383823949699913	30.0
13.373821091740496	30.0
13.363818233781078	30.0
13.353815375821661	30.0
13.343812517862244	32.0
13.33380965990283	31.0
13.323806801943412	33.0
13.313803943983995	33.0
13.303801086024578	33.0
13.29379822806516	33.0
13.283795370105743	34.0
13.273792512146326	34.0
13.263789654186908	34.0
13.253786796227491	34.0
13.243783938268077	35.0
13.23378108030866	35.0
13.223778222349242	35.0
13.213775364389825	35.0
13.203772506430408	35.0
13.19376964847099	35.0
13.183766790511573	35.0
13.173763932552156	35.0
13.163761074592738	35.0
13.153758216633321	35.0
13.143755358673907	35.0
13.13375250071449	35.0
13.123749642755072	35.0
13.113746784795655	35.0
13.103743926836238	35.0
13.09374106887682	35.0
13.083738210917403	35.0
13.073735352957986	35.0
13.063732494998568	34.0
13.053729637039154	34.0
13.043726779079737	34.0
13.03372392112032	34.0
13.023721063160902	34.0
13.013718205201485	34.0
13.003715347242068	34.0
12.99371248928265	34.0
12.983709631323233	34.0
12.973706773363816	34.0
12.963703915404398	34.0
12.953701057444984	34.0
12.943698199485567	34.0
12.93369534152615	34.0
12.923692483566732	34.0
12.913689625607315	34.0
12.903686767647898	35.0
12.89368390968848	35.0
12.883681051729063	35.0
12.873678193769646	34.0
12.863675335810232	34.0
12.853672477850814	34.0
12.843669619891397	34.0
12.83366676193198	35.0
12.823663903972562	35.0
12.813661046013145	35.0
12.803658188053728	36.0
12.79365533009431	36.0
12.783652472134893	36.0
12.77364961417548	36.0
12.763646756216062	37.0
12.753643898256644	37.0
12.743641040297227	37.0
12.73363818233781	37.0
12.723635324378392	37.0
12.713632466418975	37.0
12.703629608459558	37.0
12.69362675050014	37.0
12.683623892540723	37.0
12.67362103458131	36.0
12.663618176621892	36.0
12.653615318662474	36.0
12.643612460703057	36.0
12.63360960274364	36.0
12.623606744784222	36.0
12.613603886824805	36.0
12.603601028865388	36.0
12.59359817090597	36.0
12.583595312946557	36.0
12.57359245498714	37.0
12.563589597027722	37.0
12.553586739068304	37.0
12.543583881108887	37.0
12.53358102314947	37.0
12.523578165190052	37.0
12.513575307230635	37.0
12.503572449271218	37.0
12.493569591311804	37.0
12.483566733352387	37.0
12.47356387539297	38.0
12.463561017433552	38.0
12.453558159474134	38.0
12.443555301514717	38.0
12.4335524435553	38.0
12.423549585595882	38.0
12.413546727636465	38.0
12.403543869677048	37.0
12.393541011717634	37.0
12.383538153758217	38.0
12.3735352957988	38.0
12.363532437839382	39.0
12.353529579879964	39.0
12.343526721920547	39.0
12.33352386396113	38.0
12.323521006001712	38.0
12.313518148042295	38.0
12.303515290082881	37.0
12.293512432123464	37.0
12.283509574164047	37.0
12.27350671620463	37.0
12.263503858245212	37.0
12.253501000285794	37.0
12.243498142326377	37.0
12.23349528436696	36.0
12.223492426407542	36.0
12.213489568448125	36.0
12.203486710488711	36.0
12.193483852529294	36.0
12.183480994569877	36.0
12.17347813661046	35.0
12.163475278651042	35.0
12.153472420691624	35.0
12.143469562732207	36.0
12.13346670477279	36.0
12.123463846813372	35.0
12.113460988853959	35.0
12.103458130894541	35.0
12.093455272935124	35.0
12.083452414975707	36.0
12.07344955701629	36.0
12.063446699056872	36.0
12.053443841097454	36.0
12.043440983138037	36.0
12.03343812517862	36.0
12.023435267219206	36.0
12.013432409259789	36.0
12.003429551300371	36.0
11.993426693340954	36.0
11.983423835381537	36.0
11.97342097742212	36.0
11.963418119462702	36.0
11.953415261503284	36.0
11.943412403543867	37.0
11.93340954558445	37.0
11.923406687625036	36.0
11.913403829665619	36.0
11.903400971706201	37.0
11.893398113746784	37.0
11.883395255787367	37.0
11.87339239782795	38.0
11.863389539868532	38.0
11.853386681909114	38.0
11.843383823949697	37.0
11.833380965990283	37.0
11.823378108030866	37.0
11.813375250071449	38.0
11.803372392112031	38.0
11.793369534152614	37.0
11.783366676193197	37.0
11.77336381823378	37.0
11.763360960274362	37.0
11.753358102314944	37.0
11.743355244355527	39.0
11.733352386396113	39.0
11.723349528436696	39.0
11.713346670477279	39.0
11.703343812517861	38.0
11.693340954558444	38.0
11.683338096599027	38.0
11.67333523863961	38.0
11.663332380680192	38.0
11.653329522720774	38.0
11.64332666476136	38.0
11.633323806801943	38.0
11.623320948842526	38.0
11.613318090883109	40.0
11.603315232923691	40.0
11.593312374964274	40.0
11.583309517004857	40.0
11.57330665904544	40.0
11.563303801086022	40.0
11.553300943126608	40.0
11.54329808516719	40.0
11.533295227207773	40.0
11.523292369248356	40.0
11.513289511288939	40.0
11.503286653329521	40.0
11.493283795370104	40.0
11.483280937410687	40.0
11.47327807945127	40.0
11.463275221491852	40.0
11.453272363532438	40.0
11.44326950557302	40.0
11.433266647613603	40.0
11.423263789654186	41.0
11.413260931694769	41.0
11.403258073735351	41.0
11.393255215775934	41.0
11.383252357816517	41.0
11.3732494998571	41.0
11.363246641897685	41.0
11.353243783938268	41.0
11.34324092597885	41.0
11.333238068019433	41.0
11.323235210060016	41.0
11.313232352100599	40.0
11.303229494141181	40.0
11.293226636181764	40.0
11.283223778222347	39.0
11.27322092026293	40.0
11.263218062303515	40.0
11.253215204344098	39.0
11.24321234638468	39.0
11.233209488425263	39.0
11.223206630465846	40.0
11.213203772506429	40.0
11.203200914547011	40.0
11.193198056587594	40.0
11.183195198628177	40.0
11.173192340668763	40.0
11.163189482709345	40.0
11.153186624749928	39.0
11.14318376679051	39.0
11.133180908831093	39.0
11.123178050871676	39.0
11.113175192912259	39.0
11.103172334952841	39.0
11.093169476993424	39.0
11.08316661903401	39.0
11.073163761074593	40.0
11.063160903115175	40.0
11.053158045155758	40.0
11.04315518719634	40.0
11.033152329236923	39.0
11.023149471277506	39.0
11.013146613318089	39.0
11.003143755358671	39.0
10.993140897399254	39.0
10.98313803943984	40.0
10.973135181480423	40.0
10.963132323521005	40.0
10.953129465561588	40.0
10.94312660760217	40.0
10.933123749642753	40.0
10.923120891683336	40.0
10.913118033723919	40.0
10.903115175764501	40.0
10.893112317805087	41.0
10.88310945984567	41.0
10.873106601886253	41.0
10.863103743926835	41.0
10.853100885967418	41.0
10.843098028008	41.0
10.833095170048583	41.0
10.823092312089166	41.0
10.813089454129749	40.0
10.803086596170331	40.0
10.793083738210917	40.0
10.7830808802515	40.0
10.773078022292083	40.0
10.763075164332665	40.0
10.753072306373248	39.0
10.74306944841383	39.0
10.733066590454413	39.0
10.723063732494996	39.0
10.713060874535579	40.0
10.703058016576165	40.0
10.693055158616747	41.0
10.68305230065733	40.0
10.673049442697913	40.0
10.663046584738495	40.0
10.653043726779078	40.0
10.64304086881966	40.0
10.633038010860243	40.0
10.623035152900826	40.0
10.613032294941412	40.0
10.603029436981995	40.0
10.593026579022577	40.0
10.58302372106316	40.0
10.573020863103743	40.0
10.563018005144325	40.0
10.553015147184908	40.0
10.54301228922549	40.0
10.533009431266073	40.0
10.523006573306656	40.0
10.513003715347242	40.0
10.503000857387825	40.0
10.492997999428407	39.0
10.48299514146899	39.0
10.472992283509573	39.0
10.462989425550155	39.0
10.452986567590738	39.0
10.44298370963132	39.0
10.432980851671903	39.0
10.42297799371249	39.0
10.412975135753072	39.0
10.402972277793655	39.0
10.392969419834237	39.0
10.38296656187482	39.0
10.372963703915403	39.0
10.362960845955985	39.0
10.352957987996568	39.0
10.34295513003715	39.0
10.332952272077733	39.0
10.32294941411832	39.0
10.312946556158902	39.0
10.302943698199485	38.0
10.292940840240068	38.0
10.28293798228065	38.0
10.272935124321233	38.0
10.262932266361815	38.0
10.252929408402398	38.0
10.24292655044298	38.0
10.232923692483567	38.0
10.22292083452415	38.0
10.212917976564732	38.0
10.202915118605315	38.0
10.192912260645898	38.0
10.18290940268648	38.0
10.172906544727063	38.0
10.162903686767645	38.0
10.152900828808228	37.0
10.142897970848814	37.0
10.132895112889397	37.0
10.12289225492998	37.0
10.112889396970562	37.0
10.102886539011145	37.0
10.092883681051728	37.0
10.08288082309231	37.0
10.072877965132893	37.0
10.062875107173475	37.0
10.052872249214058	37.0
10.042869391254644	37.0
10.032866533295227	37.0
10.02286367533581	37.0
10.012860817376392	37.0
10.002857959416975	38.0
9.992855101457558	38.0
9.98285224349814	38.0
9.972849385538723	38.0
9.962846527579305	39.0
9.952843669619892	39.0
9.942840811660474	39.0
9.932837953701057	39.0
9.92283509574164	39.0
9.912832237782222	39.0
9.902829379822805	39.0
9.892826521863388	39.0
9.88282366390397	39.0
9.872820805944553	39.0
9.862817947985135	38.0
9.852815090025722	38.0
9.842812232066304	38.0
9.832809374106887	38.0
9.82280651614747	38.0
9.812803658188052	38.0
9.802800800228635	38.0
9.792797942269218	38.0
9.7827950843098	38.0
9.772792226350383	38.0
9.762789368390969	38.0
9.752786510431552	38.0
9.742783652472134	38.0
9.732780794512717	37.0
9.7227779365533	37.0
9.712775078593882	37.0
9.702772220634465	37.0
9.692769362675048	37.0
9.68276650471563	37.0
9.672763646756216	37.0
9.662760788796799	37.0
9.652757930837382	37.0
9.642755072877964	37.0
9.632752214918547	37.0
9.62274935695913	37.0
9.612746498999712	37.0
9.602743641040295	37.0
9.592740783080878	37.0
9.58273792512146	37.0
9.572735067162046	38.0
9.562732209202629	38.0
9.552729351243212	38.0
9.542726493283794	38.0
9.532723635324377	38.0
9.52272077736496	38.0
9.512717919405542	38.0
9.502715061446125	38.0
9.492712203486708	38.0
9.482709345527294	38.0
9.472706487567876	38.0
9.462703629608459	38.0
9.452700771649042	39.0
9.442697913689624	39.0
9.432695055730207	39.0
9.42269219777079	39.0
9.412689339811372	39.0
9.402686481851955	39.0
9.392683623892538	39.0
9.382680765933124	38.0
9.372677907973706	38.0
9.362675050014289	38.0
9.352672192054872	38.0
9.342669334095454	38.0
9.332666476136037	38.0
9.32266361817662	38.0
9.312660760217202	38.0
9.302657902257785	38.0
9.292655044298371	38.0
9.282652186338954	37.0
9.272649328379536	37.0
9.262646470420119	37.0
9.252643612460702	39.0
9.242640754501284	39.0
9.232637896541867	39.0
9.22263503858245	39.0
9.212632180623032	39.0
9.202629322663618	39.0
9.192626464704201	40.0
9.182623606744784	40.0
9.172620748785366	40.0
9.162617890825949	40.0
9.152615032866532	40.0
9.142612174907114	41.0
9.132609316947697	41.0
9.12260645898828	41.0
9.112603601028862	41.0
9.102600743069448	41.0
9.092597885110031	42.0
9.082595027150614	42.0
9.072592169191196	42.0
9.062589311231779	42.0
9.052586453272362	42.0
9.042583595312944	43.0
9.032580737353527	43.0
9.02257787939411	44.0
9.012575021434696	44.0
9.002572163475278	44.0
8.992569305515861	45.0
8.982566447556444	45.0
8.972563589597026	45.0
8.962560731637609	45.0
8.952557873678192	44.0
8.942555015718774	44.0
8.932552157759357	43.0
8.922549299799943	43.0
8.912546441840526	43.0
8.902543583881108	43.0
8.892540725921691	43.0
8.882537867962274	42.0
8.872535010002856	42.0
8.862532152043439	42.0
8.852529294084022	42.0
8.842526436124604	42.0
8.832523578165187	42.0
8.822520720205773	42.0
8.812517862246356	42.0
8.802515004286938	42.0
8.792512146327521	43.0
8.782509288368104	43.0
8.772506430408686	43.0
8.762503572449269	43.0
8.752500714489852	43.0
8.742497856530434	43.0
8.73249499857102	44.0
8.722492140611603	44.0
8.712489282652186	44.0
8.702486424692768	44.0
8.692483566733351	43.0
8.682480708773934	43.0
8.672477850814516	43.0
8.662474992855099	43.0
8.652472134895682	43.0
8.642469276936264	43.0
8.63246641897685	43.0
8.622463561017433	43.0
8.612460703058016	42.0
8.602457845098598	42.0
8.592454987139181	42.0
8.582452129179764	42.0
8.572449271220346	42.0
8.562446413260929	42.0
8.552443555301512	41.0
8.542440697342098	41.0
8.53243783938268	41.0
8.522434981423263	41.0
8.512432123463846	41.0
8.502429265504428	41.0
8.492426407545011	41.0
8.482423549585594	40.0
8.472420691626176	40.0
8.462417833666759	40.0
8.452414975707345	40.0
8.442412117747928	40.0
8.43240925978851	41.0
8.422406401829093	41.0
8.412403543869676	41.0
8.402400685910258	41.0
8.392397827950841	40.0
8.382394969991424	40.0
8.372392112032006	40.0
8.362389254072589	41.0
8.352386396113175	41.0
8.342383538153758	41.0
8.33238068019434	41.0
8.322377822234923	41.0
8.312374964275506	41.0
8.302372106316088	42.0
8.292369248356671	42.0
8.282366390397254	42.0
8.272363532437836	42.0
8.262360674478423	42.0
8.252357816519005	42.0
8.242354958559588	42.0
8.23235210060017	42.0
8.222349242640753	42.0
8.212346384681336	42.0
8.202343526721918	42.0
8.192340668762501	42.0
8.182337810803084	42.0
8.172334952843666	42.0
8.162332094884253	42.0
8.152329236924835	42.0
8.142326378965418	42.0
8.132323521006	42.0
8.122320663046583	42.0
8.112317805087166	41.0
8.102314947127748	41.0
8.092312089168331	41.0
8.082309231208914	41.0
8.0723063732495	41.0
8.062303515290083	41.0
8.052300657330665	41.0
8.042297799371248	41.0
8.03229494141183	41.0
8.022292083452413	41.0
8.012289225492996	41.0
8.002286367533578	41.0
7.992283509574161	41.0
7.982280651614747	41.0
7.97227779365533	42.0
7.962274935695913	42.0
7.952272077736495	41.0
7.942269219777078	41.0
7.9322663618176605	40.0
7.922263503858243	40.0
7.912260645898826	40.0
7.9022577879394085	40.0
7.892254929979991	41.0
7.882252072020577	41.0
7.87224921406116	41.0
7.862246356101743	41.0
7.852243498142325	42.0
7.842240640182908	42.0
7.8322377822234905	42.0
7.822234924264073	42.0
7.812232066304656	42.0
7.8022292083452385	42.0
7.792226350385825	42.0
7.782223492426407	42.0
7.77222063446699	42.0
7.762217776507573	42.0
7.752214918548155	42.0
7.742212060588738	43.0
7.7322092026293205	43.0
7.722206344669903	43.0
7.712203486710486	43.0
7.7022006287510685	43.0
7.692197770791655	43.0
7.682194912832237	43.0
7.67219205487282	43.0
7.662189196913403	43.0
7.652186338953985	42.0
7.642183480994568	41.0
7.6321806230351505	41.0
7.622177765075733	42.0
7.612174907116316	41.0
7.602172049156902	41.0
7.592169191197485	41.0
7.582166333238067	40.0
7.57216347527865	40.0
7.562160617319233	40.0
7.552157759359815	40.0
7.542154901400398	39.0
7.5321520434409805	39.0
7.522149185481563	39.0
7.512146327522149	39.0
7.502143469562732	39.0
7.492140611603315	38.0
7.482137753643897	38.0
7.47213489568448	38.0
7.462132037725063	38.0
7.452129179765645	38.0
7.442126321806228	38.0
7.4321234638468106	39.0
7.422120605887393	39.0
7.412117747927979	39.0
7.402114889968562	39.0
7.392112032009145	39.0
7.382109174049727	39.0
7.37210631609031	39.0
7.362103458130893	39.0
7.352100600171475	39.0
7.342097742212058	39.0
7.3320948842526406	38.0
7.322092026293227	38.0
7.312089168333809	38.0
7.302086310374392	38.0
7.292083452414975	38.0
7.282080594455557	38.0
7.27207773649614	38.0
7.262074878536723	38.0
7.252072020577305	38.0
7.242069162617888	38.0
7.232066304658471	38.0
7.222063446699057	38.0
7.212060588739639	38.0
7.202057730780222	38.0
7.192054872820805	39.0
7.182052014861387	39.0
7.17204915690197	39.0
7.162046298942553	39.0
7.152043440983135	39.0
7.142040583023718	39.0
7.132037725064304	39.0
7.122034867104887	39.0
7.112032009145469	38.0
7.102029151186052	38.0
7.092026293226635	38.0
7.082023435267217	38.0
7.0720205773078	38.0
7.062017719348383	37.0
7.052014861388965	37.0
7.0420120034295515	37.0
7.032009145470134	37.0
7.022006287510717	38.0
7.012003429551299	38.0
7.002000571591882	38.0
6.991997713632465	38.0
6.981994855673047	38.0
6.97199199771363	38.0
6.961989139754213	38.0
6.951986281794795	37.0
6.9419834238353815	37.0
6.931980565875964	37.0
6.921977707916547	37.0
6.911974849957129	37.0
6.901971991997712	36.0
6.891969134038295	36.0
6.881966276078877	36.0
6.87196341811946	36.0
6.861960560160043	38.0
6.851957702200629	38.0
6.8419548442412115	38.0
6.831951986281794	37.0
6.821949128322377	37.0
6.811946270362959	37.0
6.801943412403542	39.0
6.791940554444125	39.0
6.781937696484707	39.0
6.77193483852529	39.0
6.761931980565873	38.0
6.751929122606459	38.0
6.7419262646470415	38.0
6.731923406687624	37.0
6.721920548728207	37.0
6.711917690768789	37.0
6.701914832809372	37.0
6.691911974849955	37.0
6.681909116890537	37.0
6.67190625893112	37.0
6.661903400971706	37.0
6.651900543012289	36.0
6.6418976850528715	36.0
6.631894827093454	36.0
6.621891969134037	36.0
6.611889111174619	36.0
6.601886253215202	36.0
6.591883395255785	36.0
6.581880537296367	36.0
6.5718776793369535	36.0
6.561874821377536	36.0
6.551871963418119	36.0
6.5418691054587015	35.0
6.531866247499284	35.0
6.521863389539867	35.0
6.511860531580449	35.0
6.501857673621032	35.0
6.491854815661615	35.0
6.481851957702197	35.0
6.4718490997427836	35.0
6.461846241783366	35.0
6.451843383823949	33.0
6.4418405258645315	33.0
6.431837667905114	33.0
6.421834809945697	33.0
6.411831951986279	33.0
6.401829094026862	34.0
6.391826236067445	34.0
6.381823378108031	34.0
6.3718205201486136	34.0
6.361817662189196	34.0
6.351814804229779	33.0
6.3418119462703615	33.0
6.331809088310944	33.0
6.321806230351527	32.0
6.311803372392109	32.0
6.301800514432692	32.0
6.291797656473275	32.0
6.281794798513861	32.0
6.271791940554444	33.0
6.261789082595026	33.0
6.251786224635609	33.0
6.2417833666761915	33.0
6.231780508716774	33.0
6.221777650757357	33.0
6.211774792797939	33.0
6.201771934838522	33.0
6.191769076879108	33.0
6.181766218919691	33.0
6.171763360960274	33.0
6.161760503000856	33.0
6.151757645041439	33.0
6.1417547870820215	33.0
6.131751929122604	33.0
6.121749071163187	33.0
6.111746213203769	33.0
6.101743355244356	33.0
6.091740497284938	32.0
6.081737639325521	32.0
6.071734781366104	32.0
6.061731923406686	32.0
6.051729065447269	32.0
6.0417262074878515	32.0
6.031723349528434	32.0
6.021720491569017	32.0
6.011717633609599	32.0
6.001714775650186	32.0
5.991711917690768	32.0
5.981709059731351	32.0
5.971706201771934	32.0
5.961703343812516	32.0
5.951700485853099	32.0
5.9416976278936815	33.0
5.931694769934264	33.0
5.921691911974847	33.0
5.911689054015433	33.0
5.901686196056016	33.0
5.891683338096598	33.0
5.881680480137181	33.0
5.871677622177764	34.0
5.861674764218346	34.0
5.851671906258929	34.0
5.8416690482995115	34.0
5.831666190340094	34.0
5.82166333238068	34.0
5.811660474421263	34.0
5.801657616461846	34.0
5.791654758502428	34.0
5.781651900543011	34.0
5.771649042583594	34.0
5.761646184624176	33.0
5.751643326664759	33.0
5.7416404687053415	33.0
5.731637610745924	33.0
5.72163475278651	33.0
5.711631894827093	33.0
5.701629036867676	33.0
5.691626178908258	33.0
5.681623320948841	33.0
5.671620462989424	33.0
5.661617605030006	32.0
5.651614747070589	32.0
5.6416118891111715	32.0
5.631609031151758	32.0
5.62160617319234	32.0
5.611603315232923	32.0
5.601600457273506	32.0
5.591597599314088	32.0
5.581594741354671	31.0
5.571591883395254	31.0
5.561589025435836	31.0
5.551586167476419	31.0
5.5415833095170015	31.0
5.531580451557588	31.0
5.52157759359817	31.0
5.511574735638753	31.0
5.501571877679336	31.0
5.491569019719918	31.0
5.481566161760501	31.0
5.471563303801084	31.0
5.461560445841666	31.0
5.451557587882249	31.0
5.441554729922835	31.0
5.431551871963418	31.0
5.421549014004	31.0
5.411546156044583	31.0
5.401543298085166	31.0
5.391540440125748	31.0
5.381537582166331	31.0
5.371534724206914	31.0
5.361531866247496	31.0
5.351529008288082	31.0
5.341526150328665	31.0
5.331523292369248	31.0
5.32152043440983	31.0
5.311517576450413	31.0
5.301514718490996	31.0
5.291511860531578	31.0
5.281509002572161	31.0
5.271506144612744	31.0
5.261503286653326	31.0
5.251500428693912	32.0
5.241497570734495	32.0
5.231494712775078	32.0
5.22149185481566	32.0
5.211488996856243	32.0
5.201486138896826	32.0
5.191483280937408	32.0
5.181480422977991	32.0
5.171477565018574	32.0
5.16147470705916	32.0
5.151471849099742	32.0
5.141468991140325	32.0
5.131466133180908	32.0
5.12146327522149	32.0
5.111460417262073	32.0
5.101457559302656	32.0
5.091454701343238	32.0
5.081451843383821	32.0
5.071448985424404	32.0
5.06144612746499	32.0
5.051443269505572	32.0
5.041440411546155	32.0
5.031437553586738	32.0
5.02143469562732	32.0
5.011431837667903	32.0
5.001428979708486	32.0
4.991426121749068	32.0
4.981423263789651	32.0
4.971420405830237	32.0
4.96141754787082	32.0
4.951414689911402	32.0
4.941411831951985	32.0
4.931408973992568	33.0
4.92140611603315	33.0
4.911403258073733	33.0
4.901400400114316	33.0
4.891397542154898	33.0
4.8813946841954845	34.0
4.871391826236067	34.0
4.86138896827665	34.0
4.851386110317232	34.0
4.841383252357815	34.0
4.831380394398398	34.0
4.82137753643898	34.0
4.811374678479563	34.0
4.801371820520146	34.0
4.791368962560728	33.0
4.7813661046013145	33.0
4.771363246641897	33.0
4.76136038868248	33.0
4.751357530723062	33.0
4.741354672763645	33.0
4.731351814804228	33.0
4.72134895684481	33.0
4.711346098885393	33.0
4.701343240925976	33.0
4.691340382966562	33.0
4.6813375250071445	33.0
4.671334667047727	33.0
4.66133180908831	33.0
4.651328951128892	34.0
4.641326093169475	34.0
4.631323235210058	34.0
4.62132037725064	34.0
4.611317519291223	34.0
4.601314661331806	34.0
4.591311803372392	34.0
4.5813089454129745	34.0
4.571306087453557	34.0
4.56130322949414	35.0
4.5513003715347224	35.0
4.541297513575305	35.0
4.531294655615888	35.0
4.52129179765647	35.0
4.511288939697053	35.0
4.501286081737639	35.0
4.491283223778222	35.0
4.4812803658188045	34.0
4.471277507859387	34.0
4.46127464989997	34.0
4.4512717919405524	34.0
4.441268933981135	34.0
4.431266076021718	34.0
4.4212632180623	34.0
4.411260360102887	34.0
4.401257502143469	36.0
4.391254644184052	36.0
4.3812517862246345	36.0
4.371248928265217	36.0
4.3612460703058	36.0
4.3512432123463824	36.0
4.341240354386965	36.0
4.331237496427548	36.0
4.32123463846813	36.0
4.311231780508717	36.0
4.301228922549299	37.0
4.291226064589882	37.0
4.2812232066304645	37.0
4.271220348671047	37.0
4.26121749071163	37.0
4.2512146327522125	37.0
4.241211774792795	37.0
4.231208916833378	38.0
4.221206058873964	38.0
4.211203200914547	38.0
4.201200342955129	38.0
4.191197484995712	38.0
4.1811946270362945	38.0
4.171191769076877	38.0
4.16118891111746	38.0
4.1511860531580425	38.0
4.141183195198625	39.0
4.131180337239208	39.0
4.121177479279794	39.0
4.111174621320377	39.0
4.101171763360959	39.0
4.091168905401542	39.0
4.0811660474421245	39.0
4.071163189482707	39.0
4.06116033152329	39.0
4.0511574735638725	39.0
4.041154615604455	39.0
4.031151757645041	39.0
4.021148899685624	40.0
4.011146041726207	40.0
4.001143183766789	40.0
3.991140325807372	40.0
3.9811374678479545	40.0
3.971134609888537	40.0
3.96113175192912	40.0
3.9511288939697025	40.0
3.9411260360102887	40.0
3.9311231780508713	40.0
3.921120320091454	40.0
3.9111174621320366	41.0
3.9011146041726192	41.0
3.891111746213202	41.0
3.8811088882537845	41.0
3.871106030294367	41.0
3.86110317233495	41.0
3.8511003143755325	41.0
3.8410974564161187	41.0
3.8310945984567013	41.0
3.821091740497284	41.0
3.8110888825378666	41.0
3.8010860245784492	41.0
3.791083166619032	41.0
3.7810803086596145	40.0
3.771077450700197	40.0
3.76107459274078	40.0
3.751071734781366	39.0
3.7410688768219487	39.0
3.7310660188625313	38.0
3.721063160903114	38.0
3.7110603029436966	37.0
3.7010574449842792	37.0
3.691054587024862	37.0
3.6810517290654445	37.0
3.671048871106027	37.0
3.66104601314661	37.0
3.651043155187196	37.0
3.6410402972277787	37.0
3.6310374392683613	37.0
3.621034581308944	37.0
3.6110317233495266	37.0
3.6010288653901092	38.0
3.591026007430692	38.0
3.5810231494712745	38.0
3.571020291511857	38.0
3.5610174335524434	38.0
3.551014575593026	38.0
3.5410117176336087	38.0
3.5310088596741913	38.0
3.521006001714774	38.0
3.5110031437553566	38.0
3.5010002857959392	38.0
3.490997427836522	38.0
3.4809945698771045	38.0
3.4709917119176907	39.0
3.4609888539582734	39.0
3.450985995998856	39.0
3.4409831380394387	39.0
3.4309802800800213	38.0
3.420977422120604	38.0
3.4109745641611866	39.0
3.4009717062017693	39.0
3.390968848242352	40.0
3.3809659902829345	40.0
3.3709631323235207	40.0
3.3609602743641034	40.0
3.350957416404686	40.0
3.3409545584452687	40.0
3.3309517004858513	40.0
3.320948842526434	39.0
3.3109459845670166	39.0
3.3009431266075993	39.0
3.290940268648182	39.0
3.280937410688768	39.0
3.2709345527293507	39.0
3.2609316947699334	39.0
3.250928836810516	39.0
3.2409259788510987	40.0
3.2309231208916813	40.0
3.220920262932264	40.0
3.2109174049728466	40.0
3.2009145470134293	40.0
3.190911689054012	40.0
3.180908831094598	39.0
3.1709059731351807	39.0
3.1609031151757634	39.0
3.150900257216346	40.0
3.1408973992569287	40.0
3.1308945412975113	40.0
3.120891683338094	40.0
3.1108888253786766	40.0
3.1008859674192593	40.0
3.0908831094598455	41.0
3.080880251500428	41.0
3.0708773935410107	41.0
3.0608745355815934	41.0
3.050871677622176	41.0
3.0408688196627587	41.0
3.0308659617033413	41.0
3.020863103743924	42.0
3.0108602457845066	42.0
3.000857387825093	42.0
2.990854529865672	43.0
2.980851671906258	43.0
2.970848813946837	43.0
2.9608459559874234	43.0
2.9508430980280096	43.0
2.9408402400685887	43.0
2.930837382109175	45.0
2.920834524149754	45.0
2.91083166619034	45.0
2.9008288082309193	45.0
2.8908259502715055	45.0
2.8808230923120846	44.0
2.8708202343526708	44.0
2.860817376393257	44.0
2.850814518433836	44.0
2.8408116604744222	44.0
2.8308088025150013	44.0
2.8208059445555875	44.0
2.8108030865961666	45.0
2.800800228636753	45.0
2.790797370677332	45.0
2.780794512717918	45.0
2.770791654758497	45.0
2.7607887967990834	45.0
2.7507859388396696	45.0
2.7407830808802487	45.0
2.730780222920835	44.0
2.720777364961414	44.0
2.710774507002	44.0
2.7007716490425793	42.0
2.6907687910831655	43.0
2.6807659331237446	43.0
2.6707630751643308	43.0
2.660760217204917	43.0
2.650757359245496	43.0
2.6407545012860822	43.0
2.6307516433266613	43.0
2.6207487853672475	44.0
2.6107459274078266	44.0
2.600743069448413	44.0
2.590740211488992	44.0
2.580737353529578	44.0
2.5707344955701643	45.0
2.5607316376107434	45.0
2.5507287796513296	45.0
2.5407259216919087	45.0
2.530723063732495	44.0
2.520720205773074	44.0
2.51071734781366	45.0
2.5007144898542393	45.0
2.4907116318948255	45.0
2.4807087739354117	45.0
2.4707059159759908	45.0
2.460703058016577	45.0
2.450700200057156	45.0
2.4406973420977423	44.0
2.4306944841383213	44.0
2.4206916261789075	44.0
2.4106887682194866	44.0
2.400685910260073	44.0
2.390683052300659	44.0
2.380680194341238	44.0
2.3706773363818243	45.0
2.3606744784224034	45.0
2.3506716204629896	45.0
2.3406687625035687	45.0
2.330665904544155	44.0
2.320663046584734	44.0
2.31066018862532	44.0
2.3006573306658993	43.0
2.2906544727064855	44.0
2.2806516147470717	44.0
2.2706487567876508	45.0
2.260645898828237	45.0
2.250643040868816	45.0
2.2406401829094023	45.0
2.2306373249499813	46.0
2.2206344669905675	46.0
2.2106316090311466	46.0
2.200628751071733	45.0
2.190625893112319	46.0
2.180623035152898	46.0
2.1706201771934843	46.0
2.1606173192340634	46.0
2.1506144612746496	46.0
2.1406116033152287	46.0
2.130608745355815	45.0
2.120605887396394	45.0
2.11060302943698	45.0
2.1006001714775664	45.0
2.0905973135181455	45.0
2.0805944555587317	45.0
2.0705915975993108	44.0
2.060588739639897	44.0
2.050585881680476	43.0
2.0405830237210623	43.0
2.0305801657616414	43.0
2.0205773078022276	43.0
2.0105744498428137	43.0
2.000571591883393	44.0
1.990568733923979	44.0
1.9805658759645581	44.0
1.9705630180051443	44.0
1.9605601600457234	44.0
1.9505573020863096	45.0
1.9405544441268887	45.0
1.930551586167475	45.0
1.920548728208061	44.0
1.9105458702486402	44.0
1.9005430122892264	44.0
1.8905401543298055	44.0
1.8805372963703917	44.0
1.8705344384109708	44.0
1.860531580451557	44.0
1.850528722492136	44.0
1.8405258645327223	44.0
1.8305230065733014	44.0
1.8205201486138876	44.0
1.8105172906544738	44.0
1.8005144326950528	43.0
1.790511574735639	43.0
1.7805087167762181	43.0
1.7705058588168043	43.0
1.7605030008573834	43.0
1.7505001428979696	43.0
1.7404972849385487	43.0
1.730494426979135	43.0
1.7204915690197211	43.0
1.7104887110603002	43.0
1.7004858531008864	43.0
1.6904829951414655	43.0
1.6804801371820517	43.0
1.6704772792226308	42.0
1.660474421263217	42.0
1.650471563303796	42.0
1.6404687053443823	42.0
1.6304658473849685	42.0
1.6204629894255476	42.0
1.6104601314661338	43.0
1.6004572735067129	41.0
1.590454415547299	41.0
1.5804515575878781	41.0
1.5704486996284643	41.0
1.5604458416690434	41.0
1.5504429837096296	41.0
1.5404401257502158	41.0
1.530437267790795	41.0
1.5204344098313811	40.0
1.5104315518719602	40.0
1.5004286939125464	40.0
1.4904258359531255	40.0
1.4804229779937117	40.0
1.4704201200342908	40.0
1.460417262074877	40.0
1.4504144041154632	40.0
1.4404115461560423	40.0
1.4304086881966285	39.0
1.4204058302372076	39.0
1.4104029722777938	39.0
1.4004001143183729	39.0
1.390397256358959	40.0
1.3803943983995381	41.0
1.3703915404401243	41.0
1.3603886824807034	40.0
1.3503858245212896	40.0
1.3403829665618758	40.0
1.330380108602455	40.0
1.3203772506430411	40.0
1.3103743926836202	40.0
1.3003715347242064	40.0
1.2903686767647855	40.0
1.2803658188053717	40.0
1.2703629608459508	42.0
1.260360102886537	42.0
1.2503572449271232	42.0
1.2403543869677023	42.0
1.2303515290082885	42.0
1.2203486710488676	42.0
1.2103458130894538	42.0
1.2003429551300329	42.0
1.190340097170619	41.0
1.1803372392111982	41.0
1.1703343812517844	43.0
1.1603315232923705	43.0
1.1503286653329496	42.0
1.1403258073735358	42.0
1.130322949414115	42.0
1.1203200914547011	42.0
1.1103172334952802	41.0
1.1003143755358664	41.0
1.0903115175764455	41.0
1.0803086596170317	41.0
1.070305801657618	41.0
1.060302943698197	41.0
1.0503000857387832	41.0
1.0402972277793623	41.0
1.0302943698199485	40.0
1.0202915118605276	40.0
1.0102886539011138	40.0
1.0002857959416929	40.0
0.9902829379822791	40.0
0.9802800800228653	40.0
0.9702772220634444	39.0
0.9602743641040306	39.0
0.9502715061446096	39.0
0.9402686481851958	39.0
0.9302657902257749	38.0
0.9202629322663611	38.0
0.9102600743069402	37.0
0.9002572163475264	37.0
0.8902543583881055	36.0
0.8802515004286917	36.0
0.8702486424692779	36.0
0.860245784509857	36.0
0.8502429265504432	36.0
0.8402400685910223	38.0
0.8302372106316085	38.0
0.8202343526721876	38.0
0.8102314947127738	37.0
0.8002286367533529	37.0
0.7902257787939391	39.0
0.7802229208345253	39.0
0.7702200628751044	39.0
0.7602172049156906	38.0
0.7502143469562697	38.0
0.7402114889968558	38.0
0.7302086310374349	38.0
0.7202057730780211	38.0
0.7102029151186002	38.0
0.7002000571591864	37.0
0.6901971991997726	37.0
0.6801943412403517	37.0
0.6701914832809379	37.0
0.660188625321517	37.0
0.6501857673621032	37.0
0.6401829094026823	36.0
0.6301800514432685	36.0
0.6201771934838476	36.0
0.6101743355244338	37.0
0.60017147756502	37.0
0.5901686196055991	37.0
0.5801657616461853	37.0
0.5701629036867644	37.0
0.5601600457273506	37.0
0.5501571877679297	37.0
0.5401543298085159	37.0
0.530151471849095	37.0
0.5201486138896811	37.0
0.5101457559302673	37.0
0.5001428979708464	37.0
0.49014004001143263	37.0
0.4801371820520117	37.0
0.4701343240925979	37.0
0.460131466133177	37.0
0.4501286081737632	36.0
0.4401257502143423	36.0
0.4301228922549285	36.0
0.4201200342955076	36.0
0.4101171763360938	36.0
0.40011431837668	36.0
0.3901114604172591	36.0
0.3801086024578453	36.0
0.37010574449842437	36.0
0.36010288653901057	36.0
0.35010002857958966	36.0
0.34009717062017586	36.0
0.33009431266075495	36.0
0.32009145470134115	36.0
0.31008859674192735	36.0
0.30008573878250644	35.0
0.29008288082309264	36.0
0.28008002286367173	36.0
0.2700771649042579	36.0
0.260074306944837	36.0
0.2500714489854232	36.0
0.2400685910260023	36.0
0.2300657330665885	36.0
0.2200628751071747	36.0
0.2100600171477538	36.0
0.20005715918834	37.0
0.1900543012289191	37.0
0.18005144326950528	37.0
0.17004858531008438	37.0
0.16004572735067057	37.0
0.15004286939124967	37.0
0.14004001143183586	37.0
0.13003715347242206	37.0
0.12003429551300115	37.0
0.11003143755358735	38.0
0.10002857959416644	38.0
0.09002572163475264	38.0
0.08002286367533173	37.0
0.07002000571591793	37.0
0.060017147756497025	36.0
0.05001428979708322	36.0
0.04001143183766942	36.0
0.030008573878248512	36.0
0.02000571591883471	36.0
0.010002857959413802	36.0
0.0	36.0
