feature,shap,lwr_shap,upr_shap,rate,rate_lwr,rate_upr
baseline,0.17308393164467809,0.14083849837118975,0.19942425698633323,NA,NA,NA
T0__cont_trait_0,0.008188782889727492,-0.021359262238454343,0.03674528945154,0.0549356144098079,0.006426324597365529,0.1310589604015458
T0__cat_trait_0,0.027064712182237115,-0.00901245526082347,0.06750673888685947,NA,NA,NA
T0__pvr_0,-0.04023311945765105,-0.09291588340783938,0.00828088358161799,NA,NA,NA
T0__pvr_1,0.011907768571055423,-0.026444942154781798,0.04850311863704505,NA,NA,NA
T0__time,-0.12507646142023915,-0.19298690056890136,-0.06867122953693512,NA,NA,NA
T1__cont_trait_0,0.011946345894529526,-0.03404452232438283,0.06316259260361118,0.18467499727067022,0.07641846913602388,0.31308065160556064
T1__cat_trait_0,0.030521969401803663,-0.013812987381283538,0.07853809724119402,NA,NA,NA
T1__pvr_0,-0.022160099813648852,-0.0944366270943291,0.05500160750318706,NA,NA,NA
T1__pvr_1,0.0163941245481499,-0.05176621638048634,0.088140589921228,NA,NA,NA
T1__time,-0.025111274404842145,-0.04807847293224796,0.00019374794868456252,NA,NA,NA
T2__cont_trait_0,0.006854442668449949,-0.025533730436851157,0.038724619436390856,0.07119722635091158,0.017920232894707427,0.13362285923726308
T2__cat_trait_0,-0.029704981037608626,-0.06284797858334265,-9.597039702387289e-05,NA,NA,NA
T2__pvr_0,-0.07233150300382009,-0.1540253633270911,-0.0112419785520107,NA,NA,NA
T2__pvr_1,0.028899919842060133,-0.03722327724598286,0.10281061398291735,NA,NA,NA
T2__time,-0.03560458376284782,-0.05089526107863088,-0.019494614534222375,NA,NA,NA
T3__cont_trait_0,-0.01011863632888974,-0.09011462793231055,0.09850883497057075,0.45755076237571884,0.1393752595117651,0.9363386179936292
T3__cat_trait_0,0.030722954946025584,-0.07457416765169025,0.15226261265927007,NA,NA,NA
T3__pvr_0,0.007393590311747722,-0.17068228146402706,0.19747624779925035,NA,NA,NA
T3__pvr_1,-0.06544003670976534,-0.25597628395733296,0.09938239364396169,NA,NA,NA
T3__time,0.3219089585119222,0.10048861872735043,0.6112228016611018,NA,NA,NA
T4__cont_trait_0,0.028548721596301972,-0.023547102051264552,0.10221149542653399,0.23053448416293584,0.06061896687595811,0.47907113577261895
T4__cat_trait_0,0.061433464585383436,-0.011530394279991196,0.1717205905335828,NA,NA,NA
T4__pvr_0,-0.06796322146610001,-0.155556600502624,0.02015659826550332,NA,NA,NA
T4__pvr_1,0.028605625164347538,-0.0409270113787826,0.11203398359303453,NA,NA,NA
T4__time,0.0068259626383249325,-0.028306204761184145,0.05262624967768999,NA,NA,NA
T5__cont_trait_0,-0.03751479157401922,-0.14506839376768144,0.06000058006401897,0.4140720465897425,0.10145482481797234,0.861904574751761
T5__cat_trait_0,-0.006997285608798966,-0.08797812228629841,0.07214711590619452,NA,NA,NA
T5__pvr_0,-0.06476805324990871,-0.20925380436194158,0.09217243268810357,NA,NA,NA
T5__pvr_1,0.0562932989563042,-0.1622996784133323,0.29473144570993004,NA,NA,NA
T5__time,0.2939749464214872,0.06757485372821052,0.5428987064747237,NA,NA,NA
T6__cont_trait_0,0.008908349929542519,-0.022752394430235665,0.043772319355543966,0.09369629525504888,0.01868730947978356,0.18026055288477044
T6__cat_trait_0,0.02731454669833699,-0.012043242630362458,0.06884215496322782,NA,NA,NA
T6__pvr_0,-0.01782837420783399,-0.0597546143178356,0.03418446316054449,NA,NA,NA
T6__pvr_1,0.03004665084220223,-0.021368205644221365,0.08374650962968117,NA,NA,NA
T6__time,-0.12782880965187687,-0.19073291039878465,-0.06914537069376467,NA,NA,NA
T7__cont_trait_0,0.014963141351308572,-0.029060355539554033,0.06888911704245118,0.1507278271960718,0.047373610637057584,0.2901783732577285
T7__cat_trait_0,-0.036773998952915284,-0.08234145350441588,0.013138683883536784,NA,NA,NA
T7__pvr_0,-0.07591312322687208,-0.15871995624164792,0.030650273999813973,NA,NA,NA
T7__pvr_1,0.052959954620309786,-0.033585771649195795,0.15139828379152664,NA,NA,NA
T7__time,0.022407921759562858,-0.0203762536698562,0.09345371100570103,NA,NA,NA
T8__cont_trait_0,0.019136155020278045,-0.021714775521319594,0.06583097919783767,0.13172196296509536,0.03765951967905276,0.24028123431428036
T8__cat_trait_0,0.033996891493716354,-0.01549226220267843,0.08330437901160467,NA,NA,NA
T8__pvr_0,-0.016070442763259845,-0.07440262398941375,0.0480604443080256,NA,NA,NA
T8__pvr_1,0.04300250174192957,-0.017530113610491376,0.11338144251808197,NA,NA,NA
T8__time,-0.1214270741722469,-0.18666600553058352,-0.056243335288562686,NA,NA,NA
T9__cont_trait_0,-0.0065662666634155025,-0.04390126983759652,0.03455025370296449,0.11184496580463599,0.03580590571525337,0.20019599576952146
T9__cat_trait_0,0.023801137402986845,-0.012586391903257249,0.0722518676301767,NA,NA,NA
T9__pvr_0,-0.021051980750238165,-0.07147469427356326,0.032533083719509547,NA,NA,NA
T9__pvr_1,0.031476009964160404,-0.02318521920819219,0.089257201842311,NA,NA,NA
T9__time,-0.08889786579353574,-0.13665995455469848,-0.049997015350748325,NA,NA,NA
T10__cont_trait_0,0.01977853548113444,-0.019270560085851852,0.07355535583530785,0.1665748151055885,0.07266240971905435,0.27818002814279197
T10__cat_trait_0,0.011845973577236409,-0.019532059825080238,0.049396341919804077,NA,NA,NA
T10__pvr_0,-0.012663522908625066,-0.07916719298707633,0.05128134589271315,NA,NA,NA
T10__pvr_1,-0.0025131429012839033,-0.056718323090136205,0.05716979485299137,NA,NA,NA
T10__time,-0.022956959787551464,-0.05874268612959954,0.02417510960097132,NA,NA,NA
T11__cont_trait_0,0.08880775731588925,-0.0298602783790838,0.2053560895959421,0.4526395700249225,0.1621080883707658,0.8340108339800945
T11__cat_trait_0,0.03284173208067586,-0.04707489570789232,0.13732768678132812,NA,NA,NA
T11__pvr_0,0.06825574985814356,-0.12766883529325443,0.24166546308083642,NA,NA,NA
T11__pvr_1,-0.08074286315202663,-0.3003712679514997,0.11385271522839319,NA,NA,NA
T11__time,0.17039326227756238,0.0424150885873002,0.3182210945282766,NA,NA,NA
T13__cont_trait_0,-0.0027129774481912477,-0.03839624122031912,0.03466079652011442,0.13301288619998133,0.053664349789728547,0.2168060926097652
T13__cat_trait_0,0.0076643681870429145,-0.028403549096750746,0.0525255568919612,NA,NA,NA
T13__pvr_0,0.017624337177352126,-0.06764439073614789,0.10519064944905471,NA,NA,NA
T13__pvr_1,-0.05544136969293988,-0.1295320763738802,0.025822691100922814,NA,NA,NA
T13__time,-0.007205403667960668,-0.030345860665470365,0.017418566417388582,NA,NA,NA
T14__cont_trait_0,0.01735470840122258,-0.020353057457128197,0.06360092868525499,0.14076748428925343,0.07130290740524958,0.23027716542121413
T14__cat_trait_0,0.009842129139159517,-0.020733006323787787,0.0409695556068094,NA,NA,NA
T14__pvr_0,-0.009270806320811053,-0.06793803575742849,0.05205999295075931,NA,NA,NA
T14__pvr_1,-0.00449964679960877,-0.05809847235665455,0.045339543230483316,NA,NA,NA
T14__time,-0.04574283177538694,-0.07143391954076803,-0.017200374276930965,NA,NA,NA
T15__cont_trait_0,0.00511446571004228,-0.04007549464263102,0.06351378835378674,0.1855102235830907,0.07190617060336368,0.31625285762268157
T15__cat_trait_0,0.033992532247483914,-0.017304627580764335,0.10041602419862,NA,NA,NA
T15__pvr_0,-0.03202070972988144,-0.10126684204708604,0.04312788458759775,NA,NA,NA
T15__pvr_1,0.04570046377296776,-0.024510837879679566,0.1284342631974243,NA,NA,NA
T15__time,-0.040360460062199906,-0.06592847188065303,-0.014871715672607096,NA,NA,NA
T16__cont_trait_0,0.015216889803543868,-0.0398530877850495,0.07142722011165602,0.21831435776517913,0.08607567015463502,0.40738851068362547
T16__cat_trait_0,-0.029972142223392974,-0.0854687574644572,0.028916664216344964,NA,NA,NA
T16__pvr_0,-0.059228694939986705,-0.1707793864638744,0.04618632834039066,NA,NA,NA
T16__pvr_1,0.07880350503595564,-0.03715599984584775,0.19370977967240965,NA,NA,NA
T16__time,0.040410868444381125,0.007973550740139279,0.08544480320867504,NA,NA,NA
T17__cont_trait_0,0.06639086466870182,-0.03243103152024793,0.16841128466610664,0.36000557141536577,0.10060492797311471,0.6844085211639029
T17__cat_trait_0,-0.03956260832414315,-0.13457292984797675,0.0843879865384533,NA,NA,NA
T17__pvr_0,-0.06913670869303909,-0.21537957975597155,0.06799563371450051,NA,NA,NA
T17__pvr_1,0.11537704815589185,-0.024564579763450667,0.2846208432947707,NA,NA,NA
T17__time,0.11385304396327646,0.02305530264137697,0.2390658059261043,NA,NA,NA
T18__cont_trait_0,-0.006614242507112803,-0.05343354895134036,0.04245896481185186,0.12531078305574464,0.023853713215289007,0.26162669207431344
T18__cat_trait_0,-0.018123730000564102,-0.05604169361013522,0.030312837981691626,NA,NA,NA
T18__pvr_0,-0.024870198573762343,-0.07313885249962031,0.039952812702946025,NA,NA,NA
T18__pvr_1,0.021969151911580265,-0.04843785772088352,0.09549630967586398,NA,NA,NA
T18__time,-0.02013412941907447,-0.03610289088927142,-0.005708702207151389,NA,NA,NA
T19__cont_trait_0,0.02006608057033034,-0.015944300605684022,0.05909100504140999,0.0904648989061687,0.04074210669058562,0.15558231382858861
T19__cat_trait_0,0.009749639528896323,-0.023863206347071547,0.043369068169666375,NA,NA,NA
T19__pvr_0,0.020533232846677876,-0.05724137590137142,0.08898044136445954,NA,NA,NA
T19__pvr_1,-0.052885537205775726,-0.12464643390412537,0.021037816582645776,NA,NA,NA
T19__time,-0.08008244847863814,-0.11333688503352404,-0.05192899058099845,NA,NA,NA
T20__cont_trait_0,-0.017031825365886148,-0.05749956749045639,0.03243650574077239,0.2172918991374019,0.10185722113907941,0.3614369003711626
T20__cat_trait_0,-0.04681507716808045,-0.09128820970946748,0.004588245714813137,NA,NA,NA
T20__pvr_0,0.004326955905050937,-0.08016771059915506,0.09879358641821212,NA,NA,NA
T20__pvr_1,0.00951482254988713,-0.06508033172501218,0.07622494453958861,NA,NA,NA
T20__time,0.09421309157175242,0.024305335816236312,0.19763791818299398,NA,NA,NA
T21__cont_trait_0,0.004401796742005222,-0.06980538224761992,0.11047646734913025,0.39671156539178914,0.13021461519027294,0.8041546987142103
T21__cat_trait_0,0.06176537869032846,-0.018803149155367266,0.1691436213220732,NA,NA,NA
T21__pvr_0,-0.002096816607380038,-0.11951061311022954,0.13839734308306312,NA,NA,NA
T21__pvr_1,0.04683183031024228,-0.05957403502936229,0.16489466404694622,NA,NA,NA
T21__time,0.11272544461191487,0.03042068470694266,0.22831440278273624,NA,NA,NA
T22__cont_trait_0,0.07480505129733198,-0.027872455140145934,0.18155593422719096,0.32703042057883297,0.10908769316856623,0.587678942432296
T22__cat_trait_0,0.034483904496439344,-0.04640521771885799,0.14662593026561002,NA,NA,NA
T22__pvr_0,0.04086409199495311,-0.08499215388568777,0.1628495085558499,NA,NA,NA
T22__pvr_1,-0.07319142112978326,-0.18453007931818832,0.03353938286203146,NA,NA,NA
T22__time,0.07698486227521378,0.014071452730105544,0.1456683411849738,NA,NA,NA
T23__cont_trait_0,-0.03623743299366616,-0.1345693387299729,0.07050569440821988,0.46613332759245757,0.1460575843203521,0.8813890976995634
T23__cat_trait_0,0.06277472574412421,-0.026842085926283663,0.17901779571353177,NA,NA,NA
T23__pvr_0,0.03799090014535813,-0.08039549845408588,0.1884488187592267,NA,NA,NA
T23__pvr_1,0.0598115844888747,-0.06386515460853477,0.19015122355376055,NA,NA,NA
T23__time,0.16870961856308858,0.061433123116159,0.3163946732437839,NA,NA,NA
T24__cont_trait_0,-0.043326855298885095,-0.12126866952233051,0.031141163114160927,0.2100113055321757,0.10095337915975937,0.3608982763026305
T24__cat_trait_0,0.02774536909189824,-0.03753324268860718,0.10374320234517792,NA,NA,NA
T24__pvr_0,-0.00398514864933665,-0.10881551615149114,0.09935594179355164,NA,NA,NA
T24__pvr_1,0.1050857562329695,-0.02991126307179781,0.2482794835962478,NA,NA,NA
T24__time,-0.048591747489148296,-0.08050532410048267,-0.00984641076653426,NA,NA,NA
T25__cont_trait_0,0.02416744239326993,-0.05230060213489883,0.1125372138990671,0.29890551416496663,0.15179618079906138,0.480931764142545
T25__cat_trait_0,0.0107110769652797,-0.03612487899878257,0.06362837557901582,NA,NA,NA
T25__pvr_0,-0.0021877087749383175,-0.08328171311738176,0.0795185233700422,NA,NA,NA
T25__pvr_1,0.009635169558883374,-0.08359877332784177,0.096676788175623,NA,NA,NA
T25__time,0.08349560237779394,0.025757865198712607,0.15119318957485067,NA,NA,NA
T28__cont_trait_0,0.011124349862800255,-0.023645303459923085,0.05500928473170334,0.13298556732202774,0.05701166687791247,0.21533273315776075
T28__cat_trait_0,-0.012187063442696015,-0.047975795369665855,0.02498811219010895,NA,NA,NA
T28__pvr_0,0.009126423241725754,-0.06058373183829441,0.07832565636888594,NA,NA,NA
T28__pvr_1,-0.004794247749901724,-0.05418150522667989,0.04716444887179438,NA,NA,NA
T28__time,-0.04336782623457862,-0.06390553216091562,-0.025735883965608428,NA,NA,NA
T29__cont_trait_0,0.004310333303608964,-0.0264440646797347,0.040557415597652774,0.10810042283420852,0.04352193821542494,0.18730376907575014
T29__cat_trait_0,0.011391884796813705,-0.02417725218629107,0.05139384474564215,NA,NA,NA
T29__pvr_0,0.007786630959611224,-0.0587322443902889,0.06740055240720082,NA,NA,NA
T29__pvr_1,-0.051156207710716294,-0.10071999636023578,0.01434555140592278,NA,NA,NA
T29__time,-0.037316150159787155,-0.05337512901310666,-0.02105082341385014,NA,NA,NA
T30__cont_trait_0,0.028159640023148077,-0.025472823952328146,0.09342592232028363,0.18405452175388193,0.08276977822647248,0.31875778313457986
T30__cat_trait_0,0.01150638936447984,-0.02827607512712742,0.051290394807079205,NA,NA,NA
T30__pvr_0,-0.018054196389195733,-0.08709992348407021,0.04354568656527573,NA,NA,NA
T30__pvr_1,-0.0009348159249736642,-0.061467929217314116,0.06158533877641162,NA,NA,NA
T30__time,-0.00970642696425474,-0.049516786993740756,0.04890263073904199,NA,NA,NA
T31__cont_trait_0,0.02589696023914829,-0.04136147625088519,0.08006448755373574,0.24177440517914656,0.10825576004595,0.3658548555761809
T31__cat_trait_0,0.015107915156295539,-0.039406472275486604,0.07761733204734633,NA,NA,NA
T31__pvr_0,0.032417516426489316,-0.09009896335569739,0.17087866686767225,NA,NA,NA
T31__pvr_1,-0.06772626739373766,-0.1847803694017886,0.06649156859973648,NA,NA,NA
T31__time,0.06299434910627295,0.016569609612495418,0.11505990940637954,NA,NA,NA
T32__cont_trait_0,0.04675683523517284,-0.008858599178890175,0.12013467127662635,0.31869129441835614,0.13970688090379085,0.5349173652263342
T32__cat_trait_0,-0.014676137823491248,-0.0749348537858171,0.04782998643206362,NA,NA,NA
T32__pvr_0,0.03303712387537476,-0.07704114817961644,0.14086914335158648,NA,NA,NA
T32__pvr_1,0.013684395740971881,-0.06396179649691935,0.10201948794607633,NA,NA,NA
T32__time,0.06680514574564984,0.008475945578322645,0.1440715053367482,NA,NA,NA
T34__cont_trait_0,0.01361993442062186,-0.028123295133372667,0.06010161835764108,0.1935784463916685,0.10033334604333474,0.3009857167194364
T34__cat_trait_0,-0.02596722680738934,-0.06695198596036779,0.014508752875257318,NA,NA,NA
T34__pvr_0,0.004274982985260894,-0.08142063312482065,0.08230015558827414,NA,NA,NA
T34__pvr_1,0.0016977095358326748,-0.05268815016185104,0.07035158513088732,NA,NA,NA
T34__time,0.026869114612664318,-0.005339670714057235,0.06576457490211712,NA,NA,NA
T35__cont_trait_0,-0.0003870876552432932,-0.04909524612078803,0.060129562914553014,0.24733222132180946,0.09820074585758054,0.4313862185351074
T35__cat_trait_0,0.015697525534335788,-0.05000682151206662,0.08083777359991935,NA,NA,NA
T35__pvr_0,0.015607954660972955,-0.09761184011909757,0.1379974402087563,NA,NA,NA
T35__pvr_1,-0.06240433315511804,-0.148926026938348,0.04198923726606375,NA,NA,NA
T35__time,0.10573423029218408,0.021699548689796306,0.20322826316689463,NA,NA,NA
T36__cont_trait_0,0.02341619621924316,-0.027636314470666376,0.09640411480397418,0.21913273217557022,0.07841182336009545,0.3957842523231246
T36__cat_trait_0,0.040529664666509625,-0.020003597570045252,0.11852879437809244,NA,NA,NA
T36__pvr_0,-0.02965631532935573,-0.10050221827916415,0.061136225989559846,NA,NA,NA
T36__pvr_1,0.05551737301912032,-0.024592341426922674,0.15777577211812163,NA,NA,NA
T36__time,-0.04375811804462517,-0.07521503285045766,-0.015381165785800531,NA,NA,NA
T37__cont_trait_0,0.004977550856740993,-0.021094087601370715,0.03196886165167946,0.06299198614055754,0.015567528215018195,0.12310530078536663
T37__cat_trait_0,0.009386141563215865,-0.01744623613370185,0.038709661695174834,NA,NA,NA
T37__pvr_0,0.0055122840545459,-0.04264928883801915,0.05452623080033628,NA,NA,NA
T37__pvr_1,-0.043594306063149096,-0.08468944526123565,0.007686459197134191,NA,NA,NA
T37__time,-0.08637361591547427,-0.12069272149930471,-0.05310421185813682,NA,NA,NA
T38__cont_trait_0,-0.0021937616541284274,-0.042368459747699816,0.039505561568177215,0.1530279828521061,0.060172158357205255,0.2523737443488626
T38__cat_trait_0,0.012332917881022138,-0.030186996365765426,0.06486207010586803,NA,NA,NA
T38__pvr_0,0.009021792860188503,-0.07460048502909011,0.08615441046085573,NA,NA,NA
T38__pvr_1,-0.0553624879355092,-0.12404260015807403,0.015275183452511859,NA,NA,NA
T38__time,0.01614559005585494,-0.008096951368023565,0.04596114874964257,NA,NA,NA
T39__cont_trait_0,0.05102692394640442,-0.012358216373419226,0.12118766804251223,0.19038101497114263,0.08878468852237778,0.30063681928910413
T39__cat_trait_0,0.019179715569333237,-0.03105547959162367,0.08237963014373507,NA,NA,NA
T39__pvr_0,0.03649034188230392,-0.07345474715868826,0.12815935857687694,NA,NA,NA
T39__pvr_1,-0.0661819909136175,-0.1535283220705626,0.04792646948358906,NA,NA,NA
T39__time,-0.023217907157959534,-0.046176831684637376,-0.001277916852076899,NA,NA,NA
T40__cont_trait_0,0.060985387144990265,-0.028559983705878138,0.17791787231732553,0.5137015562127354,0.21953410079237304,0.951629197259145
T40__cat_trait_0,0.026650218531486986,-0.04713388545395998,0.10657532412411296,NA,NA,NA
T40__pvr_0,0.04009148915261451,-0.07620807808802553,0.18918843274074845,NA,NA,NA
T40__pvr_1,0.04162859158684376,-0.07934425585529115,0.1765995661952798,NA,NA,NA
T40__time,0.17126193815212146,0.04853511411630211,0.35358572225380913,NA,NA,NA
T41__cont_trait_0,0.03905736360947218,-0.011931877813584967,0.09320700460497068,0.1242067387566971,0.05425675964701848,0.207557053295262
T41__cat_trait_0,0.012576835642942638,-0.027093823952695155,0.05573507064511053,NA,NA,NA
T41__pvr_0,0.03361308993375527,-0.06791461345268647,0.11765072700735614,NA,NA,NA
T41__pvr_1,-0.05651219152588311,-0.15854539656607317,0.03424328216073047,NA,NA,NA
T41__time,-0.07761229054826804,-0.11276834452709661,-0.04330034868940845,NA,NA,NA
T42__cont_trait_0,-0.000514411094817954,-0.03865818456752,0.040424920363556556,0.15582515844503594,0.07584689347000345,0.253214153208415
T42__cat_trait_0,0.008784027942934796,-0.036099681920918066,0.05282694791756812,NA,NA,NA
T42__pvr_0,0.018860483655967115,-0.08647747420821245,0.10023302922686705,NA,NA,NA
T42__pvr_1,-0.058146797502504045,-0.13742669475227473,0.031216516734508377,NA,NA,NA
T42__time,0.013757923798777985,-0.006915685233507433,0.039091561975783395,NA,NA,NA
T43__cont_trait_0,0.03755070705037027,-0.042505340339160994,0.12126987475642946,0.4010352488578944,0.15098149438026665,0.7044475510894616
T43__cat_trait_0,0.05208401317247437,-0.023632958651381125,0.13677226077028729,NA,NA,NA
T43__pvr_0,0.011831160287292398,-0.09024315404078809,0.11654411995622857,NA,NA,NA
T43__pvr_1,0.03611414750920805,-0.07082664934285458,0.1315053274354328,NA,NA,NA
T43__time,0.09037128919387098,0.016040917285725667,0.2026321436841142,NA,NA,NA
T44__cont_trait_0,0.03918652899192596,-0.030369223091419657,0.11402757126583032,0.20741971987454835,0.06377428551011863,0.3926050831981612
T44__cat_trait_0,-0.03810775346017658,-0.11353975790653019,0.0338619930572904,NA,NA,NA
T44__pvr_0,-0.07539584201619681,-0.18719137167106853,0.03738478635872016,NA,NA,NA
T44__pvr_1,0.08355890889084047,-0.0288880096625837,0.2127747354963584,NA,NA,NA
T44__time,0.025093945823477216,-0.02235192428225376,0.09446691521557281,NA,NA,NA
T45__cont_trait_0,-0.05567949565613398,-0.13375631831922294,0.03679860794411036,0.18867641644310099,0.03245067520875031,0.38274996211725637
T45__cat_trait_0,0.026004946020340692,-0.03769876369307811,0.09202623584536948,NA,NA,NA
T45__pvr_0,-0.04063457277563731,-0.10905635220998985,0.039502847835692675,NA,NA,NA
T45__pvr_1,0.02632076706036963,-0.05224894428476877,0.11654637544032646,NA,NA,NA
T45__time,0.05958084014948377,0.010131211041444849,0.11549553121685295,NA,NA,NA
T46__cont_trait_0,0.04660789758296709,-0.03432891500431032,0.1305567889749363,0.11804631833535549,0.02138284195912174,0.22854522614848127
T46__cat_trait_0,0.009219201796660605,-0.02229657692636927,0.045155415540874766,NA,NA,NA
T46__pvr_0,-0.006558469785803235,-0.055856018160688255,0.06039250516792244,NA,NA,NA
T46__pvr_1,-0.004330783778737065,-0.046128009235426856,0.045119059337141276,NA,NA,NA
T46__time,-0.09997545912441001,-0.14891684596508228,-0.05954531931342381,NA,NA,NA
T47__cont_trait_0,0.08619831148189061,-0.016262392446991417,0.20728719618865235,0.4421844318661452,0.157760872540679,0.8000556412297855
T47__cat_trait_0,0.03133203078880212,-0.052467640714256095,0.13677614125457185,NA,NA,NA
T47__pvr_0,0.06966291747681357,-0.11895648044076099,0.25955197901871235,NA,NA,NA
T47__pvr_1,-0.07971361311195477,-0.3063624960345919,0.11661963297083748,NA,NA,NA
T47__time,0.16162085358591555,0.0591939782302859,0.3130926538245,NA,NA,NA
T50__cont_trait_0,-0.02791892106416561,-0.06971890092525151,0.010517471480636862,0.1587595640267158,0.06304422028737222,0.24988096580275498
T50__cat_trait_0,-0.028876828028664165,-0.06527913321984652,0.008472972428181208,NA,NA,NA
T50__pvr_0,0.010164625355152673,-0.05571549778627736,0.08156250143096053,NA,NA,NA
T50__pvr_1,0.012333146000057148,-0.04791016398213975,0.0757761143147341,NA,NA,NA
T50__time,0.01997361011965757,-0.0028334008295077193,0.050580364889634855,NA,NA,NA
T51__cont_trait_0,0.05503407465102552,-0.012218837284712687,0.12370383812623538,0.25363916099888784,0.13006872321221458,0.39032166553869996
T51__cat_trait_0,0.021516327839407566,-0.030627091657643483,0.09709491009638939,NA,NA,NA
T51__pvr_0,0.04409112723125696,-0.08547833114271029,0.1573637022842165,NA,NA,NA
T51__pvr_1,-0.07157896146465281,-0.19786167981669112,0.04323777635605036,NA,NA,NA
T51__time,0.031492661097172414,-0.003572656105562594,0.08226465917627362,NA,NA,NA
T52__cont_trait_0,0.026810595475467696,-0.012334522274655162,0.07226250233430934,0.09168662383314138,0.02330938693463047,0.18357850979585505
T52__cat_trait_0,-0.004272082837454879,-0.03647271100323002,0.038889842409252605,NA,NA,NA
T52__pvr_0,0.002596455240031183,-0.054951809934723275,0.07022239729198436,NA,NA,NA
T52__pvr_1,-0.007685468257428303,-0.04829802874655083,0.030309094286431696,NA,NA,NA
T52__time,-0.0988468074321525,-0.13785214640334387,-0.0674127381666599,NA,NA,NA
T53__cont_trait_0,0.05157424800238445,-0.03578621657836788,0.17390134651159345,0.44664581191596714,0.13126939283903816,0.886086139521908
T53__cat_trait_0,-0.020738073403713354,-0.1293424171431512,0.10086702038524847,NA,NA,NA
T53__pvr_0,-0.03632069472797213,-0.18136495648942902,0.1276323404298671,NA,NA,NA
T53__pvr_1,0.1449260436387259,-0.028323942569802175,0.33080898267236103,NA,NA,NA
T53__time,0.13412035676186418,0.029372307089603762,0.27286711435060285,NA,NA,NA
T54__cont_trait_0,-0.022689256003567464,-0.07838199854167538,0.030195744230261844,0.23695230749048365,0.09274955153570746,0.41605464487518
T54__cat_trait_0,0.013915903855928233,-0.04956729309395054,0.09319436056728395,NA,NA,NA
T54__pvr_0,-0.009917190983632187,-0.09976015070492955,0.10714292852619894,NA,NA,NA
T54__pvr_1,0.08342891747534784,-0.03636249658876667,0.20133472169371688,NA,NA,NA
T54__time,-0.0008699984982708849,-0.027453250658400333,0.030361394971528677,NA,NA,NA
T55__cont_trait_0,0.05357565404031153,-0.04507896402380894,0.15838532960262827,0.19673194175932515,0.04634978158521655,0.3625980005057121
T55__cat_trait_0,-0.002961816426308999,-0.05014828009278248,0.0568049617713922,NA,NA,NA
T55__pvr_0,0.012555442395274388,-0.06725412373783007,0.09925092885394067,NA,NA,NA
T55__pvr_1,-0.004307242124452707,-0.05878197520987724,0.06692247291379325,NA,NA,NA
T55__time,-0.035214027770177146,-0.07121866673001132,-0.004292390578194853,NA,NA,NA
T56__cont_trait_0,0.04267687833061446,-0.02085031026436462,0.10655443341998586,0.19302153956840637,0.08008710860020338,0.32182470985712297
T56__cat_trait_0,-0.0004262294215458248,-0.04508712457383376,0.05364252647491129,NA,NA,NA
T56__pvr_0,0.025161347124578234,-0.04957599479137895,0.10363624432814854,NA,NA,NA
T56__pvr_1,-0.00204086017745881,-0.06147753661302552,0.06219209159703019,NA,NA,NA
T56__time,-0.04543352793245985,-0.06855426129399704,-0.01886313207371227,NA,NA,NA
T57__cont_trait_0,0.027761284342712987,-0.028618459973373485,0.0878361791656553,0.2544095109124394,0.12963457931440917,0.3809474018639416
T57__cat_trait_0,0.008485696023961225,-0.032497891783429364,0.046765246554363774,NA,NA,NA
T57__pvr_0,0.005331006991239602,-0.06951130637880154,0.08361470130967583,NA,NA,NA
T57__pvr_1,0.006470330762324721,-0.059528117844044,0.09688736190270963,NA,NA,NA
T57__time,0.03327726114752277,-0.0032205149859979715,0.07665723120414515,NA,NA,NA
T58__cont_trait_0,0.006147669598257143,-0.04219729425964527,0.06320806604452836,0.22977774257205968,0.09134955495440969,0.38761308239804204
T58__cat_trait_0,-0.03809664704814379,-0.0798110303813046,0.00825380804463012,NA,NA,NA
T58__pvr_0,0.016853208713574104,-0.0591770692270457,0.11030132782042387,NA,NA,NA
T58__pvr_1,0.01966834789077907,-0.058838055178483804,0.09829911189963343,NA,NA,NA
T58__time,0.052121231772915146,0.008614346516811047,0.09800121716936516,NA,NA,NA
T59__cont_trait_0,0.025271333242491853,-0.020183350947938106,0.07652210511186876,0.196874964978279,0.09836705749093128,0.31888818568818394
T59__cat_trait_0,-0.007859095611137573,-0.05249792057108979,0.03786845491771845,NA,NA,NA
T59__pvr_0,0.02729573502121477,-0.056097793389390596,0.10290247635467892,NA,NA,NA
T59__pvr_1,0.0013716037134623867,-0.0663802512799666,0.058385060963544566,NA,NA,NA
T59__time,-0.022288543032430507,-0.04159700096170699,0.008921004124330702,NA,NA,NA
T60__cont_trait_0,0.07386559530481392,-0.028111018449864543,0.19465895243356846,0.4326531532712471,0.16929655319895218,0.7633201795253151
T60__cat_trait_0,0.0026584114680310053,-0.07988322689901677,0.09455386399861812,NA,NA,NA
T60__pvr_0,0.04799703545082095,-0.07957201928196848,0.17882974772373783,NA,NA,NA
T60__pvr_1,0.015197762610214256,-0.07434370203205526,0.13171998810724128,NA,NA,NA
T60__time,0.11985041679268865,0.04010111891859281,0.23108267467810273,NA,NA,NA
T61__cont_trait_0,0.007180886240971334,-0.03617313755696029,0.06419903423906366,0.15039392025891618,0.020142881124538548,0.3408121185902373
T61__cat_trait_0,0.0036161268611780936,-0.048777588004377516,0.07450741489147764,NA,NA,NA
T61__pvr_0,0.030539990184565966,-0.06376356444016221,0.14251935691436174,NA,NA,NA
T61__pvr_1,-0.03409190403427739,-0.1418807034110156,0.06722875119552141,NA,NA,NA
T61__time,-0.02993511063819992,-0.060232946539838024,0.0030758935923158384,NA,NA,NA
T62__cont_trait_0,-0.009358305433201874,-0.043022552416214055,0.027996557724116376,0.08129168253755013,0.026299312500221494,0.1573472675108301
T62__cat_trait_0,0.01077705136414587,-0.01427769822589046,0.043875466656680184,NA,NA,NA
T62__pvr_0,-0.003235379078438539,-0.05921699337075938,0.04307051263742778,NA,NA,NA
T62__pvr_1,-0.003451237973652645,-0.042675747704202384,0.03452967485985443,NA,NA,NA
T62__time,-0.0865243779859808,-0.11809595927405811,-0.06154028141015739,NA,NA,NA
T63__cont_trait_0,-0.02179048639737895,-0.11118615277309418,0.07374465434499919,0.3269349142139889,0.09567193055351636,0.6686155432369374
T63__cat_trait_0,0.040496141722366874,-0.03913288923900038,0.1469310775040792,NA,NA,NA
T63__pvr_0,-0.06294516323920692,-0.14887224270426463,0.04281179944408958,NA,NA,NA
T63__pvr_1,0.044002197389041035,-0.0712692500326098,0.17591773088670673,NA,NA,NA
T63__time,0.15408829309448896,0.047469182207956,0.3056447844865546,NA,NA,NA
T64__cont_trait_0,-0.08507666819816678,-0.250897363562671,0.06660342741928,0.34265887252869665,0.06617450119983911,0.72609223641706
T64__cat_trait_0,-0.00803857759447665,-0.10295386587136626,0.10501406210038063,NA,NA,NA
T64__pvr_0,-0.03327885203443819,-0.14837620272971921,0.09256726268148524,NA,NA,NA
T64__pvr_1,0.03282909627402501,-0.11472706019240841,0.17949823935382792,NA,NA,NA
T64__time,0.2631399424370753,0.08583075201352747,0.4933387493466299,NA,NA,NA
T65__cont_trait_0,0.02303290044576365,-0.03148484458930716,0.08660459830429423,0.20218123275793354,0.04094668527248668,0.4399029490451458
T65__cat_trait_0,-0.006118547892818502,-0.06231259946463675,0.0791285850494874,NA,NA,NA
T65__pvr_0,0.03645795743289158,-0.09450335428791826,0.17162428890517262,NA,NA,NA
T65__pvr_1,-0.04524633253544532,-0.16963395964545588,0.09735511160981956,NA,NA,NA
T65__time,0.02097132366286398,-0.010218138940905341,0.06419054516093961,NA,NA,NA
T66__cont_trait_0,0.034480356480547876,-0.011167710133284527,0.0889389664369316,0.13499558425914895,0.06284248249531066,0.22426821447871112
T66__cat_trait_0,0.011776311718752347,-0.02717504576590222,0.055110279284659724,NA,NA,NA
T66__pvr_0,0.03551581198374241,-0.06673317436930147,0.13110149464043194,NA,NA,NA
T66__pvr_1,-0.05792250736463178,-0.16647458998646184,0.0428054565285604,NA,NA,NA
T66__time,-0.06193832020393995,-0.09857528877423262,-0.02452035599695048,NA,NA,NA
T67__cont_trait_0,-0.026348619671189955,-0.06813945826539275,0.010085921471357836,0.15353182731221363,0.055696792894894015,0.2466015114642
T67__cat_trait_0,-0.027930472955066846,-0.0631618022019268,0.009159414850356186,NA,NA,NA
T67__pvr_0,0.007107052544130968,-0.06180287514539123,0.0727419340933585,NA,NA,NA
T67__pvr_1,0.01116236434402769,-0.04480657908372436,0.07670403870925267,NA,NA,NA
T67__time,0.01645757140563371,-0.008288889249221304,0.04836023187921414,NA,NA,NA
T68__cont_trait_0,0.011409721319782304,-0.027875992579053335,0.04887010656186348,0.07417349533526892,0.020422849802039927,0.14059959742763994
T68__cat_trait_0,-0.028781754564604523,-0.06087610067858196,0.010814577159656825,NA,NA,NA
T68__pvr_0,-0.06513883481926545,-0.14173817779427647,0.0018155411595156476,NA,NA,NA
T68__pvr_1,0.04592228855252928,-0.026627288061769547,0.13152098851514338,NA,NA,NA
T68__time,-0.06232185679785066,-0.09064348633547913,-0.029859795914781842,NA,NA,NA
T69__cont_trait_0,-0.00441550248050656,-0.04352837815520016,0.044145507831005494,0.15000093167651934,0.05694834395335202,0.24795304499215098
T69__cat_trait_0,0.026809461870244647,-0.017555199526140618,0.0807398638250905,NA,NA,NA
T69__pvr_0,-0.025193075247712624,-0.08012141777521722,0.04646466564786263,NA,NA,NA
T69__pvr_1,0.04084644111485083,-0.03350265541334374,0.1095058744843119,NA,NA,NA
T69__time,-0.06113032522503506,-0.09934576147121899,-0.028874588054587667,NA,NA,NA
T70__cont_trait_0,0.04395521910517873,-0.026751303444982836,0.1302358945838905,0.38643092430058884,0.17006528255744213,0.741961776087138
T70__cat_trait_0,-0.04005868447489277,-0.10674449182211428,0.03755956240601993,NA,NA,NA
T70__pvr_0,0.04520724318191859,-0.08184669214918032,0.18801292638092296,NA,NA,NA
T70__pvr_1,0.02853231825428592,-0.06177855168478838,0.12823424469481087,NA,NA,NA
T70__time,0.13571089658942045,0.0421866153345532,0.24912337104563131,NA,NA,NA
T71__cont_trait_0,-0.007833986756135444,-0.03976425100429769,0.02589544857364529,0.07831669282579547,0.02242373132170844,0.1446738966326574
T71__cat_trait_0,0.013875618606069425,-0.011805381392727268,0.049191122731455664,NA,NA,NA
T71__pvr_0,-0.01856363805567658,-0.07057222224884224,0.033835734666083604,NA,NA,NA
T71__pvr_1,0.004102729482936314,-0.03885631008906731,0.04105624399937145,NA,NA,NA
T71__time,-0.08634796209607648,-0.11481779677339418,-0.056202860533962215,NA,NA,NA
T72__cont_trait_0,-0.0033799539862288874,-0.07539912898031086,0.07955882924138712,0.10849129270202452,0.023038744709080405,0.22550688706028907
T72__cat_trait_0,-0.008340830325355398,-0.05241675224302282,0.042779961263118005,NA,NA,NA
T72__pvr_0,-0.027354724344972884,-0.06847702455817384,0.03409828068732167,NA,NA,NA
T72__pvr_1,0.012231176104612934,-0.04961027743804564,0.07982124408741734,NA,NA,NA
T72__time,-0.037748306390709335,-0.06094007216905202,-0.015018167896721418,NA,NA,NA
T73__cont_trait_0,0.030803496139930657,-0.02228171213732989,0.0887320299596251,0.2718847211930161,0.13150662857611245,0.4395655047909049
T73__cat_trait_0,-0.015387500809708224,-0.06717810440728587,0.034747205121286734,NA,NA,NA
T73__pvr_0,0.042557728830742304,-0.058658231137283516,0.12933709761052967,NA,NA,NA
T73__pvr_1,0.01129886902010523,-0.06529804600354325,0.08975032201324681,NA,NA,NA
T73__time,0.029528196367268028,-0.006220088051303016,0.07273389681197819,NA,NA,NA
T74__cont_trait_0,0.059487255649953934,-0.03200289031084385,0.16042982702986028,0.333016711614757,0.07463074566997524,0.6416936175191745
T74__cat_trait_0,-0.03967479562496843,-0.12387304531683713,0.07314620584215695,NA,NA,NA
T74__pvr_0,-0.06861784969732475,-0.2024080468017721,0.07957091380054343,NA,NA,NA
T74__pvr_1,0.11071531405643659,-0.040195628122553076,0.2583373761944404,NA,NA,NA
T74__time,0.09802285558598164,0.002413401103612163,0.22779914712732133,NA,NA,NA
T75__cont_trait_0,0.029624253339637172,-0.021358348063538566,0.0868769487946213,0.20377902114563956,0.10484541047984405,0.32032198972797177
T75__cat_trait_0,0.01520119446375572,-0.029957178605462972,0.07310610754205349,NA,NA,NA
T75__pvr_0,0.03134461407120066,-0.08524068435238388,0.1440117645003673,NA,NA,NA
T75__pvr_1,-0.06637274960166656,-0.18509251637922702,0.032409349613810826,NA,NA,NA
T75__time,0.0208977772280345,-0.017927494429542286,0.0810977461291287,NA,NA,NA
T76__cont_trait_0,-0.0024300931920963912,-0.040441088474307475,0.04425961161297118,0.1300175200833173,0.031216126646396142,0.23359686125671691
T76__cat_trait_0,-0.019831762136724582,-0.05269267355032191,0.026910288726406526,NA,NA,NA
T76__pvr_0,-0.0544209712037439,-0.1363373726241715,0.023881652940753666,NA,NA,NA
T76__pvr_1,0.0460303669188826,-0.04206379211045784,0.1305268867453389,NA,NA,NA
T76__time,-0.01241395194767858,-0.03623904769571114,0.022693754729928357,NA,NA,NA
T77__cont_trait_0,0.02604731793090942,-0.02439899399482357,0.08324773677621389,0.2504338734122453,0.12330052548740777,0.4179886011306278
T77__cat_trait_0,0.027113891670522652,-0.015633881720406244,0.07961932748031492,NA,NA,NA
T77__pvr_0,-0.008358159381470966,-0.07819555450119171,0.08315753381426513,NA,NA,NA
T77__pvr_1,0.011567779477688065,-0.06211430750569946,0.08534987242464917,NA,NA,NA
T77__time,0.02097911206991804,-0.021380606628379137,0.08642420918138209,NA,NA,NA
T78__cont_trait_0,-0.01192845141842832,-0.0469847368399318,0.02689501854451496,0.13538569087132699,0.04107220988784707,0.21974038937411594
T78__cat_trait_0,-0.02346925105943382,-0.056226027125301836,0.014102153841403259,NA,NA,NA
T78__pvr_0,0.009418673945279192,-0.053080599341050506,0.07235821692883515,NA,NA,NA
T78__pvr_1,0.00867771350179695,-0.044925774079716346,0.07029489676437493,NA,NA,NA
T78__time,-0.02039692574256514,-0.050243704495401324,0.012126651819040268,NA,NA,NA
T79__cont_trait_0,0.03329426259623882,-0.08062092335201046,0.163593116715671,0.49902655053417866,0.17783916653525755,0.8598264665825357
T79__cat_trait_0,0.01638769630261582,-0.05625507073283348,0.10105188569218068,NA,NA,NA
T79__pvr_0,0.023092866205143735,-0.09995000284651126,0.16092263747431895,NA,NA,NA
T79__pvr_1,0.031264036614219254,-0.07982785321349484,0.16586855597176584,NA,NA,NA
T79__time,0.22190375717128272,0.07011964457044763,0.39002474388967145,NA,NA,NA
T80__cont_trait_0,0.015469419312659596,-0.027835527567194124,0.06184989451497836,0.199211944279561,0.09571234642872564,0.3318085065137643
T80__cat_trait_0,-0.017297990649793014,-0.059819362628753515,0.025364543944487075,NA,NA,NA
T80__pvr_0,0.02574303663942755,-0.04776721150661055,0.10628507081984588,NA,NA,NA
T80__pvr_1,0.0032079122303884412,-0.06024975076134771,0.07056611160129497,NA,NA,NA
T80__time,-0.000994364897799619,-0.04039274702040621,0.04437193525120558,NA,NA,NA
T81__cont_trait_0,0.039779777435106696,-0.03804185195391487,0.12614085811108955,0.19231936711659986,0.05478126248826794,0.38491558327878156
T81__cat_trait_0,-0.03775589808200552,-0.11219713160055829,0.038400240196177646,NA,NA,NA
T81__pvr_0,-0.07809928084195585,-0.18233612893065715,0.03579670874298664,NA,NA,NA
T81__pvr_1,0.07756140535582422,-0.030963820105693683,0.20268412262632313,NA,NA,NA
T81__time,0.017749431604952372,-0.02068293889195956,0.09097793754357646,NA,NA,NA
T82__cont_trait_0,-0.07029164095003532,-0.1807738383296687,0.03408659530150046,0.24541009147750212,0.1226503601728863,0.41997297964451946
T82__cat_trait_0,0.03505467181921682,-0.034915835730894254,0.12582055375537726,NA,NA,NA
T82__pvr_0,-0.008393431853493716,-0.12289544696182872,0.12339571366906832,NA,NA,NA
T82__pvr_1,0.12273709472953932,-0.06635543687944963,0.2914574971382285,NA,NA,NA
T82__time,-0.006780533912403111,-0.03378209053029903,0.022430644478119648,NA,NA,NA
T83__cont_trait_0,-0.031869863231920925,-0.07777325834803024,0.014295694079995173,0.19838767618773784,0.08420890842392269,0.3168144059143414
T83__cat_trait_0,-0.0417096684375305,-0.0794246711191979,0.008652746830002805,NA,NA,NA
T83__pvr_0,0.018285500431100936,-0.05768110822781131,0.09922570854477004,NA,NA,NA
T83__pvr_1,0.01824042626336606,-0.04658814149070121,0.09827258535081196,NA,NA,NA
T83__time,0.06235734951804408,0.012635909510461,0.13373156457676286,NA,NA,NA
T84__cont_trait_0,-0.013705871551728688,-0.08879469582713559,0.06733441965829345,0.11897399538631002,0.02420761418183706,0.22961884928017282
T84__cat_trait_0,-0.010311102736742855,-0.05556845828124793,0.044798147181260815,NA,NA,NA
T84__pvr_0,-0.02963151860065315,-0.07790390260314149,0.029241048899750384,NA,NA,NA
T84__pvr_1,0.01225271098190359,-0.05892709167778408,0.08560287995124631,NA,NA,NA
T84__time,-0.01271415435114697,-0.03374421255573119,0.008784138693153136,NA,NA,NA
T85__cont_trait_0,0.04902013164037843,-0.015507409976570477,0.12904290140902674,0.2676641078986389,0.11467277212636615,0.42064811453811113
T85__cat_trait_0,-0.0035405704878530876,-0.05518608114646584,0.05689123617419045,NA,NA,NA
T85__pvr_0,0.024994349730098585,-0.06249194805399522,0.12315026468643911,NA,NA,NA
T85__pvr_1,0.002705063391948123,-0.06822402538539137,0.08248935216887104,NA,NA,NA
T85__time,0.021401201979388735,-0.006508803071411079,0.058768560950321,NA,NA,NA
T86__cont_trait_0,0.0457408170542252,-0.08979305281800036,0.18746381117844502,0.23221247787885987,0.06228152531533804,0.44230569122495256
T86__cat_trait_0,0.010630692639058432,-0.03384913477944233,0.06624025713876339,NA,NA,NA
T86__pvr_0,0.0007810008333284285,-0.06601730414194507,0.09135452507855847,NA,NA,NA
T86__pvr_1,0.002856026993733826,-0.0658666085526344,0.0744608691983611,NA,NA,NA
T86__time,-0.000879991286164058,-0.025319587846548745,0.03225884741304482,NA,NA,NA
T87__cont_trait_0,0.007575428648585427,-0.04047534944368991,0.06613218229046386,0.19290494226041408,0.0690995068956334,0.32198772936933795
T87__cat_trait_0,0.033979515112647844,-0.019257610124602205,0.10266414943942061,NA,NA,NA
T87__pvr_0,-0.03118049953741994,-0.09744927496283895,0.04955490352355241,NA,NA,NA
T87__pvr_1,0.04819924068043648,-0.026058962433270987,0.13492504934556349,NA,NA,NA
T87__time,-0.03875267428851386,-0.06952207816290545,-0.01361982857240486,NA,NA,NA
T89__cont_trait_0,0.022970783226263607,-0.06917287760894196,0.1411103236597947,0.5435382116346841,0.14917920361116838,0.9556139949842442
T89__cat_trait_0,0.0730979413454597,-0.018402637858645085,0.19571684545053666,NA,NA,NA
T89__pvr_0,0.06678693511898755,-0.04115952709884779,0.23849191536542788,NA,NA,NA
T89__pvr_1,0.05607191029250096,-0.06571000245383134,0.21488040111236625,NA,NA,NA
T89__time,0.1515267100067943,0.03395692241532309,0.29634154445582084,NA,NA,NA
T90__cont_trait_0,-0.008004581880830919,-0.0398701889559757,0.027368627142970607,0.10725564436980822,0.04220846401505057,0.18785718571818072
T90__cat_trait_0,-0.02053322210726704,-0.05053006118118479,0.01147348644501454,NA,NA,NA
T90__pvr_0,-0.002592176406993303,-0.054722130032370614,0.06582450256767476,NA,NA,NA
T90__pvr_1,0.002762677237463174,-0.042942676282668124,0.05465034162405805,NA,NA,NA
T90__time,-0.03746098411724179,-0.05193090848655241,-0.019386731179347267,NA,NA,NA
T91__cont_trait_0,0.0016658982784237904,-0.03720463003905852,0.05459234362430928,0.18034361437599072,0.06694221420386545,0.3134439435919786
T91__cat_trait_0,-0.027550649286620897,-0.06821548530823213,0.01474076032728791,NA,NA,NA
T91__pvr_0,0.01053094324442518,-0.06911672150295914,0.0858312535964093,NA,NA,NA
T91__pvr_1,0.0029454993750062373,-0.059034395131324156,0.06633834246168058,NA,NA,NA
T91__time,0.019667991120078304,-0.02228792414183122,0.10792260593858251,NA,NA,NA
T92__cont_trait_0,0.08517863746994059,-0.03412527503395292,0.20713227099884232,0.32071629156102116,0.10174671323192758,0.5948754367017876
T92__cat_trait_0,0.028919887429562082,-0.04948269365303659,0.12669574266679823,NA,NA,NA
T92__pvr_0,0.07161222515693107,-0.07628152827558059,0.23567692532197232,NA,NA,NA
T92__pvr_1,-0.07269327877250895,-0.2629701904355773,0.11775249601775337,NA,NA,NA
T92__time,0.034614888632418246,-0.007476659632996284,0.10572844757870406,NA,NA,NA
T93__cont_trait_0,-0.016471892444736902,-0.07008451853765353,0.061527210212931546,0.28329908414006044,0.08195424152549899,0.5144509522182261
T93__cat_trait_0,0.040906089517033596,-0.04287790424831793,0.1444887232344489,NA,NA,NA
T93__pvr_0,0.003907984743878617,-0.11984441934584028,0.14457316942024984,NA,NA,NA
T93__pvr_1,0.12642006024389463,-0.03645438649163932,0.2932470756266766,NA,NA,NA
T93__time,-0.0445470895646875,-0.0831475175459194,-0.010878846729739919,NA,NA,NA
T94__cont_trait_0,-0.02900583271759657,-0.079024926426915,0.025517423791414764,0.22126286527761874,0.10724799288657402,0.36514870815684897
T94__cat_trait_0,0.018936229139713698,-0.023658684921510832,0.0654294362254314,NA,NA,NA
T94__pvr_0,0.027598550224752525,-0.041791359035052184,0.11875995160213346,NA,NA,NA
T94__pvr_1,0.010622305156020265,-0.0657354425246951,0.07718073478462642,NA,NA,NA
T94__time,0.020027681830050745,-0.0046922739186087345,0.054822528494955544,NA,NA,NA
T95__cont_trait_0,-0.032728320186366774,-0.09000910931743103,0.03415963491346982,0.19140798734915682,0.06924128974984525,0.30336231083579795
T95__cat_trait_0,-0.009165334300206317,-0.05537675976706027,0.0545170215764157,NA,NA,NA
T95__pvr_0,0.02086685177678169,-0.047863752529447856,0.10070069159286148,NA,NA,NA
T95__pvr_1,0.017092209183036233,-0.046883517128854496,0.07876873142121871,NA,NA,NA
T95__time,0.02225864923123387,-0.003830787099734504,0.055512692164315855,NA,NA,NA
T96__cont_trait_0,-0.03013538712661105,-0.0969019416042252,0.04735740549483004,0.3067440859686724,0.12471895853333037,0.5566820221004138
T96__cat_trait_0,0.03608593526764496,-0.022020625747865792,0.11300025337912334,NA,NA,NA
T96__pvr_0,0.009574454415285533,-0.071374764226787,0.12826466441166376,NA,NA,NA
T96__pvr_1,0.035843676441579396,-0.056875527748224936,0.12948027471698392,NA,NA,NA
T96__time,0.08229147532609554,0.02962607616713512,0.14986886166653715,NA,NA,NA
T97__cont_trait_0,0.029066549193272753,-0.013431454836730753,0.08456180325129137,0.1916000939392674,0.08792434056271754,0.30680021918197725
T97__cat_trait_0,-0.0023287049695640454,-0.04440830861695925,0.05012201948247634,NA,NA,NA
T97__pvr_0,0.032622358430305226,-0.05001008178654773,0.10584074687646003,NA,NA,NA
T97__pvr_1,0.00113344536598687,-0.06157217233418842,0.06256808559405785,NA,NA,NA
T97__time,-0.04197748572541146,-0.06866456355340925,-0.011703817772608732,NA,NA,NA
T98__cont_trait_0,0.008335311379133988,-0.030496839932466234,0.057598126948970665,0.14541991299381338,0.05757329120454452,0.23863832788464034
T98__cat_trait_0,0.0224492429901678,-0.008450256688740769,0.06884276485228999,NA,NA,NA
T98__pvr_0,-0.014883285130498341,-0.07651706217343515,0.05272928139560878,NA,NA,NA
T98__pvr_1,0.002072682814710816,-0.05258857282509385,0.052130690049011705,NA,NA,NA
T98__time,-0.04563797070437899,-0.06771303997047858,-0.015586088344319588,NA,NA,NA
T99__cont_trait_0,-0.013458309457723779,-0.058179200537455227,0.03126799930871635,0.12103648165240065,0.038015557745457285,0.2151931627836363
T99__cat_trait_0,-0.005500911100809237,-0.03937592030537704,0.034221822927901796,NA,NA,NA
T99__pvr_0,0.003981117350991733,-0.049360352295192825,0.0642577005303127,NA,NA,NA
T99__pvr_1,0.00647963643663016,-0.038519672928710356,0.05185810829184969,NA,NA,NA
T99__time,-0.04354898322136629,-0.06457202243203229,-0.023430022187567047,NA,NA,NA
T100__cont_trait_0,0.024498670046896882,-0.01799949406676481,0.07993346404161208,0.16162327875345261,0.06744150380824199,0.24429234002919814
T100__cat_trait_0,0.013041940974840429,-0.02727027426514217,0.0627224213758045,NA,NA,NA
T100__pvr_0,0.026785887925236264,-0.07896192772732609,0.11762523300858616,NA,NA,NA
T100__pvr_1,-0.0627355751127715,-0.15668045593400445,0.02550358960916923,NA,NA,NA
T100__time,-0.013051576725427541,-0.043667663830967915,0.025985593465745048,NA,NA,NA
T101__cont_trait_0,0.008375700820754605,-0.0292034665339607,0.06515990906823764,0.144928921610658,0.01174100023139929,0.3130365340429046
T101__cat_trait_0,0.0026664491549887818,-0.0448472809525602,0.07771652640991457,NA,NA,NA
T101__pvr_0,0.02942078123547668,-0.06603561424549109,0.13306491154006372,NA,NA,NA
T101__pvr_1,-0.03502502230879137,-0.14169856412417225,0.06403518120877957,NA,NA,NA
T101__time,-0.033592918936448724,-0.05803297586962904,-0.006533898075129982,NA,NA,NA
T102__cont_trait_0,0.028145788203410453,-0.08962592444639364,0.1835806157445616,0.2920200061715483,0.09067952096540612,0.6186253996058095
T102__cat_trait_0,0.013120248495552687,-0.07569119851182621,0.1335386289880709,NA,NA,NA
T102__pvr_0,0.04193933384956279,-0.06254251719255338,0.1556401517918007,NA,NA,NA
T102__pvr_1,0.035334632661088126,-0.04905901121333723,0.13945584279724044,NA,NA,NA
T102__time,0.0003960713172560657,-0.028955311976387135,0.03931963400882952,NA,NA,NA
T103__cont_trait_0,0.03373945237603533,-0.011343640188731055,0.08676127948398299,0.12440744653769589,0.06022693791457795,0.2058898320821467
T103__cat_trait_0,0.011305618084537242,-0.02384566314483657,0.05517127018425338,NA,NA,NA
T103__pvr_0,0.034436349755782934,-0.05821046252336272,0.13422381891287058,NA,NA,NA
T103__pvr_1,-0.05614777349810458,-0.1609902008082662,0.043504466473343516,NA,NA,NA
T103__time,-0.07201013182523319,-0.10132154170757757,-0.04227322325435991,NA,NA,NA
T104__cont_trait_0,0.08149587031886654,-0.07560268727060043,0.23773599660091632,0.4750090626874002,0.15671110741106759,0.9196840928027968
T104__cat_trait_0,0.00667771422431356,-0.0918431241879512,0.12177698875804724,NA,NA,NA
T104__pvr_0,0.036091725735021146,-0.08073930610249774,0.19211638489383176,NA,NA,NA
T104__pvr_1,0.014840848729006918,-0.08389740970591797,0.12826272431790572,NA,NA,NA
T104__time,0.16281897203551385,0.046932883903477426,0.29552635916810654,NA,NA,NA
T105__cont_trait_0,-0.01547718003262026,-0.057615818183694836,0.030215689488623784,0.1488873140612546,0.06107547055510901,0.26235484160751465
T105__cat_trait_0,0.013715935946378717,-0.019683485559201686,0.05161394673496129,NA,NA,NA
T105__pvr_0,0.012125587988765216,-0.04606666980683042,0.0814926666098616,NA,NA,NA
T105__pvr_1,0.0028662979423323847,-0.051918567570088406,0.06015189708776694,NA,NA,NA
T105__time,-0.03742725942827956,-0.06610605684902594,-0.007585197214189869,NA,NA,NA
T106__cont_trait_0,0.04852432166971196,-0.016375858351116847,0.11171056414128076,0.23871882242783682,0.11916546512377686,0.3709775094744445
T106__cat_trait_0,0.017768497181278053,-0.03940711650970488,0.07606652991605742,NA,NA,NA
T106__pvr_0,0.04811303687061139,-0.07586884199243954,0.19945094073717032,NA,NA,NA
T106__pvr_1,-0.0692220118947278,-0.20916427800829063,0.08020059606976378,NA,NA,NA
T106__time,0.020451046956285208,-0.005134638499759633,0.05936566639139962,NA,NA,NA
T107__cont_trait_0,0.09205387876682554,-0.06480743347728114,0.329273347482821,0.3233443664727066,0.04980792003719957,0.7981952083861715
T107__cat_trait_0,0.027261918250958146,-0.08022497245170396,0.1770106817587771,NA,NA,NA
T107__pvr_0,0.054131790596006854,-0.06948071917375948,0.2011645745071981,NA,NA,NA
T107__pvr_1,0.043844745627325515,-0.04724829766028189,0.18688066994826733,NA,NA,NA
T107__time,-0.06703189841308754,-0.13040917976922967,-0.007853600373634917,NA,NA,NA
T108__cont_trait_0,0.027467753575574093,-0.045060110665384914,0.11127361247491152,0.24529664373034768,0.11160011365596782,0.4111860918965893
T108__cat_trait_0,0.00924303349401788,-0.03337488320125092,0.0570388822403157,NA,NA,NA
T108__pvr_0,-0.004590001942042876,-0.07467729858109107,0.06933259938000463,NA,NA,NA
T108__pvr_1,0.0035875200615186793,-0.07417770292686057,0.07732526777881654,NA,NA,NA
T108__time,0.03650440689660178,-0.005713422604298253,0.11100985455431914,NA,NA,NA
T109__cont_trait_0,0.059705367100878114,-0.01576817398313053,0.14062300932871213,0.3173541094822057,0.1331180002811387,0.5288264742059828
T109__cat_trait_0,0.028716753348725088,-0.04140253636323826,0.10528546141666087,NA,NA,NA
T109__pvr_0,0.03642745268840615,-0.08424492743903494,0.1663848073341369,NA,NA,NA
T109__pvr_1,-0.07318941125616017,-0.17835672768869976,0.04828212093714881,NA,NA,NA
T109__time,0.09261001595567857,0.019048026889575263,0.1752652133929704,NA,NA,NA
T110__cont_trait_0,0.03158879432635224,-0.028549210085128784,0.08514012012412571,0.13081586439038848,0.0459196691961897,0.22482969714782303
T110__cat_trait_0,0.009541848337123328,-0.02211239874329,0.04546622647611182,NA,NA,NA
T110__pvr_0,-0.01707417393518893,-0.0747582102277905,0.03976315020691371,NA,NA,NA
T110__pvr_1,-0.00547611350826557,-0.05080338809026689,0.046600909768488116,NA,NA,NA
T110__time,-0.06084842247431059,-0.08468910862699962,-0.03559762550377945,NA,NA,NA
T111__cont_trait_0,-0.051715952100553644,-0.15499445260804978,0.05503770357080873,0.1996630050389903,0.05535441154760454,0.39411426212585926
T111__cat_trait_0,0.02382012175730766,-0.03647504793964816,0.1062347632876108,NA,NA,NA
T111__pvr_0,-0.010585182535152593,-0.0945469438542284,0.10710726567484968,NA,NA,NA
T111__pvr_1,0.09825687627650173,-0.054031454556311614,0.24683032065154353,NA,NA,NA
T111__time,-0.03319679000379094,-0.060555789062051724,-0.0018734800032826349,NA,NA,NA
T112__cont_trait_0,-0.011765087098126552,-0.07729012801951803,0.06451312020816188,0.36277386718605825,0.17513756683792944,0.6192371130245985
T112__cat_trait_0,0.04281712007707747,-0.015216196768373678,0.11794468008381696,NA,NA,NA
T112__pvr_0,0.04331111294630427,-0.059005734216811316,0.14680384485779333,NA,NA,NA
T112__pvr_1,0.03066750606324475,-0.07362034255191281,0.12662834736563694,NA,NA,NA
T112__time,0.0846592835528802,0.02713911411955152,0.15302275629660547,NA,NA,NA
T113__cont_trait_0,-0.0251562848720449,-0.09007816717396139,0.04115291037170045,0.24633712825066512,0.07483080810551372,0.43187418133594513
T113__cat_trait_0,0.03543860796710226,-0.04513602960779255,0.1207955942461921,NA,NA,NA
T113__pvr_0,0.0014402672815495637,-0.1097157964494875,0.13171300143035736,NA,NA,NA
T113__pvr_1,0.11771152339841068,-0.030526456297167243,0.2779987214385506,NA,NA,NA
T113__time,-0.05618091716903045,-0.10009261208411895,-0.02191367690048903,NA,NA,NA
T114__cont_trait_0,-0.008110591617234476,-0.05355726993913304,0.03699410337555632,0.1588983810924186,0.06142393187278811,0.2743059565532
T114__cat_trait_0,0.016973099204915094,-0.019517424145055903,0.05780831716595033,NA,NA,NA
T114__pvr_0,0.015091017379072117,-0.04676633473944182,0.08768004009246892,NA,NA,NA
T114__pvr_1,0.0040018734915149914,-0.05559761246581921,0.060940237644794844,NA,NA,NA
T114__time,-0.04214094901052718,-0.07027059405933271,-0.013109579470898462,NA,NA,NA
T115__cont_trait_0,0.023664630331590733,-0.019527240918802112,0.07817525304380153,0.16203194545886465,0.07921157842987665,0.26410525302978516
T115__cat_trait_0,0.010705211980175836,-0.03144809378146207,0.05742066410076175,NA,NA,NA
T115__pvr_0,0.035987411123812256,-0.08903650036451022,0.1424551002151495,NA,NA,NA
T115__pvr_1,-0.05927334829035919,-0.17639503053307684,0.06880636818836877,NA,NA,NA
T115__time,-0.022135891331033063,-0.04196150846112669,-0.003022707031809971,NA,NA,NA
T116__cont_trait_0,0.05396863229230494,-0.032939155089829406,0.1762088441520072,0.5153582040864639,0.21194864476860883,0.9074839840347908
T116__cat_trait_0,0.025856927181254808,-0.04740294973264679,0.11263635647988522,NA,NA,NA
T116__pvr_0,0.019192697880282543,-0.1137424249022227,0.13983479549907107,NA,NA,NA
T116__pvr_1,0.043694354516155574,-0.08974486412566146,0.1665371570615164,NA,NA,NA
T116__time,0.19956166057178795,0.07156614933780701,0.3567608944814229,NA,NA,NA
T117__cont_trait_0,0.024300158811386478,-0.02118639373198955,0.079093541350214,0.2169762160824292,0.11924730152084198,0.3348610387198413
T117__cat_trait_0,0.008933225710072582,-0.02578735560097868,0.047887568141104106,NA,NA,NA
T117__pvr_0,0.005934288764561162,-0.06413237700878707,0.08004839642406004,NA,NA,NA
T117__pvr_1,0.0029321910583983155,-0.06834952121872828,0.07289288536823929,NA,NA,NA
T117__time,0.001792420093332558,-0.02057735234767742,0.029363001389819086,NA,NA,NA
T118__cont_trait_0,-0.03549842105562379,-0.08458077644928604,0.0164077052533319,0.16963939581555978,0.06908739478926496,0.27870163681504134
T118__cat_trait_0,-0.0247898220673916,-0.06321762120339404,0.017927678092603108,NA,NA,NA
T118__pvr_0,0.007191966254798963,-0.05790420782803032,0.081523879232835,NA,NA,NA
T118__pvr_1,0.013142164565568062,-0.043706093085072686,0.07880365136734079,NA,NA,NA
T118__time,0.03650957647353007,0.008745038085888779,0.07272565807238116,NA,NA,NA
T119__cont_trait_0,0.030521075543157455,-0.028710394323772585,0.08714958663434642,0.1429720124853972,0.06239316650275924,0.24378184510628526
T119__cat_trait_0,0.004637851596547367,-0.024333648525324162,0.03881229880894717,NA,NA,NA
T119__pvr_0,0.001994186122933696,-0.0623960009020747,0.05903927405435133,NA,NA,NA
T119__pvr_1,-0.007348831612771059,-0.059547227173672695,0.04635032229251289,NA,NA,NA
T119__time,-0.05991620080914831,-0.08578735049480993,-0.03176595937937996,NA,NA,NA
T120__cont_trait_0,0.09466476063014484,-0.04335951626276264,0.2339672550948544,0.5089951251286291,0.11127009342770938,0.9676439092193896
T120__cat_trait_0,-0.034370896870527065,-0.16965310244959395,0.11973756091145332,NA,NA,NA
T120__pvr_0,-0.05275918060882289,-0.2188790409411543,0.13463636180837668,NA,NA,NA
T120__pvr_1,0.15017463695816,-0.03993162393967217,0.3548742299784894,NA,NA,NA
T120__time,0.17820187337499593,0.045811336520601154,0.3698594644647696,NA,NA,NA
T121__cont_trait_0,0.004878618963439335,-0.04690622252919555,0.06447029728147026,0.22787390109370176,0.10064428432987879,0.39047167164242447
T121__cat_trait_0,0.034163673240989026,-0.013604714769941871,0.09145651130569193,NA,NA,NA
T121__pvr_0,-0.012145360601090402,-0.08620789657729999,0.0762071251723781,NA,NA,NA
T121__pvr_1,0.023614435803623803,-0.05180804540844362,0.1019857901152477,NA,NA,NA
T121__time,0.004278602042061865,-0.024659915595801343,0.040275132458748926,NA,NA,NA
T122__cont_trait_0,0.05498169825185711,-0.02802745900787418,0.14764829330058993,0.374113838319279,0.15588233897394524,0.6240991060757712
T122__cat_trait_0,0.026040409226621195,-0.042938371944810386,0.11874858287678694,NA,NA,NA
T122__pvr_0,0.04142225172649379,-0.1144510707073034,0.20562716347041787,NA,NA,NA
T122__pvr_1,-0.07591534446362368,-0.2305976620573146,0.07236055664023637,NA,NA,NA
T122__time,0.1545008919332527,0.04368153718171693,0.27648115874027157,NA,NA,NA
T123__cont_trait_0,0.041017031169722384,-0.024753867468942793,0.13611808317223367,0.3926306472884042,0.17199066228815765,0.6918154457092583
T123__cat_trait_0,0.05256359743945847,-0.0098641093433404,0.1476998889405194,NA,NA,NA
T123__pvr_0,-0.00014255551711880274,-0.09974405186320894,0.09951604565970795,NA,NA,NA
T123__pvr_1,0.04596089178393859,-0.06909323857231403,0.1608077931673131,NA,NA,NA
T123__time,0.08014775076772529,0.019521409120103583,0.15530370059229134,NA,NA,NA
T124__cont_trait_0,0.044332599142646874,-0.013256112515748503,0.11258293275941483,0.23581457017582186,0.09564735203380155,0.38547125868608534
T124__cat_trait_0,0.002926872091345447,-0.0476072431805633,0.05701181963278282,NA,NA,NA
T124__pvr_0,0.04105886774282382,-0.04698818065821692,0.12991769772162573,NA,NA,NA
T124__pvr_1,0.003138143849943985,-0.07627564256525654,0.07226349336132816,NA,NA,NA
T124__time,-0.02872584429561644,-0.07116725276123241,0.00399997122390966,NA,NA,NA
T126__cont_trait_0,0.030202873360162575,-0.014544617596123549,0.08821076220191415,0.1726832407593741,0.08980703089899958,0.2698284092997516
T126__cat_trait_0,0.014066977214798809,-0.029151031667290828,0.06281408818954727,NA,NA,NA
T126__pvr_0,0.029549082212725612,-0.08239655717707457,0.12027484585857816,NA,NA,NA
T126__pvr_1,-0.06401634910247352,-0.15990341418957263,0.029863405072777856,NA,NA,NA
T126__time,-0.010203274570517402,-0.039301074784985054,0.03737985430081334,NA,NA,NA
T127__cont_trait_0,0.05648813324554725,-0.027822306954613688,0.16046040632482161,0.4758208689420944,0.16626764548529974,0.7818710738763048
T127__cat_trait_0,0.027942176591573723,-0.042856270553201056,0.10427763294654502,NA,NA,NA
T127__pvr_0,0.03139853465321445,-0.08179206117570284,0.16051447965403517,NA,NA,NA
T127__pvr_1,0.040114472495436926,-0.07792957669369013,0.16371215884926316,NA,NA,NA
T127__time,0.14679362031164386,0.044367560929676204,0.2925968287561397,NA,NA,NA
T128__cont_trait_0,0.04606599510629136,-0.034570431166222354,0.15628916963095635,0.26785133027743907,0.02204086796893656,0.603209304315069
T128__cat_trait_0,0.06758559836381217,-0.018829123111583065,0.1967147449768346,NA,NA,NA
T128__pvr_0,-0.06565229758206088,-0.1664209682363425,0.045975627649183115,NA,NA,NA
T128__pvr_1,0.026495139564494962,-0.051807733478003465,0.125158753237587,NA,NA,NA
T128__time,0.02027296318022335,-0.007518372020986104,0.06808839939669943,NA,NA,NA
T129__cont_trait_0,0.03609995735831138,-0.03328971122221999,0.10475806271835429,0.3402642700888317,0.13304093725362276,0.6263354521734575
T129__cat_trait_0,0.04493738042673499,-0.015084064932541559,0.12781563056157724,NA,NA,NA
T129__pvr_0,-0.009644942047572935,-0.09813236026121458,0.09088913555564868,NA,NA,NA
T129__pvr_1,0.03712906056912262,-0.059692697297313246,0.14105335796255766,NA,NA,NA
T129__time,0.05865888213755744,0.00038338980262917627,0.14349537819763636,NA,NA,NA
T130__cont_trait_0,0.040579328558253226,-0.013185061501642814,0.1044679983549768,0.2221912649013873,0.0991847362456747,0.3721049998161581
T130__cat_trait_0,0.0017614550496294688,-0.04513403446380231,0.058943834598362485,NA,NA,NA
T130__pvr_0,0.03840502217356819,-0.047731856502543,0.12369260901917759,NA,NA,NA
T130__pvr_1,0.002563479541007531,-0.061703807850516705,0.07934038798756415,NA,NA,NA
T130__time,-0.03420195206574915,-0.06792651287517806,-0.002089850793641254,NA,NA,NA
T131__cont_trait_0,0.026093352369924848,-0.02469044318187199,0.08593976867094989,0.18988596232593044,0.09493943172363979,0.304346495414343
T131__cat_trait_0,0.006006262981786209,-0.028756501660948973,0.043973220200625905,NA,NA,NA
T131__pvr_0,-0.0004810436715568646,-0.06305280012567628,0.07099548112263977,NA,NA,NA
T131__pvr_1,-0.0017590926291604146,-0.06517069985275567,0.0637658687925872,NA,NA,NA
T131__time,-0.013057448369741423,-0.04486122013491895,0.04107914335348904,NA,NA,NA
T132__cont_trait_0,0.019766773844398455,-0.0230340412779362,0.061080876781429996,0.12456424609002628,0.057068338763463164,0.20420411991996318
T132__cat_trait_0,0.00575225383593853,-0.023079705564014775,0.033894624778432116,NA,NA,NA
T132__pvr_0,-0.002194258682692185,-0.06117101241829394,0.05369751704778245,NA,NA,NA
T132__pvr_1,-0.007053906927435304,-0.053355026535321703,0.04472118387475815,NA,NA,NA
T132__time,-0.0647905476248613,-0.09446344391728538,-0.04123640187200989,NA,NA,NA
T133__cont_trait_0,0.060811023405124745,-0.019874258013818834,0.169817878395975,0.44100552161219214,0.14797129672706422,0.8040904803877653
T133__cat_trait_0,-0.027855088807519822,-0.10251192428812263,0.0588937004484148,NA,NA,NA
T133__pvr_0,0.06728133781541823,-0.061635067536999336,0.2292073999916433,NA,NA,NA
T133__pvr_1,0.033435634172399274,-0.08154044136487724,0.13342898744288256,NA,NA,NA
T133__time,0.13424868338209164,0.04324864353991567,0.26658690191618895,NA,NA,NA
T134__cont_trait_0,-0.012446500903373474,-0.06245105919515558,0.04391796956193146,0.11517078072826639,0.015796435542259957,0.2328635103813732
T134__cat_trait_0,0.009158260218235521,-0.031525141665714095,0.04776311978285945,NA,NA,NA
T134__pvr_0,0.01272013039077341,-0.0583495158280239,0.0855370144932174,NA,NA,NA
T134__pvr_1,-0.03680866270674889,-0.09282818210205986,0.046139346015816124,NA,NA,NA
T134__time,-0.030536377915298285,-0.05407711713526327,-0.010024691001187185,NA,NA,NA
T135__cont_trait_0,0.02401249015734998,-0.02435476488250332,0.07947314132676118,0.20678853149416404,0.10043528821282864,0.3351642919325044
T135__cat_trait_0,0.009596964997489618,-0.0236110301421105,0.047645828467193056,NA,NA,NA
T135__pvr_0,-0.0018623445221008287,-0.07118725077888466,0.0670003417199537,NA,NA,NA
T135__pvr_1,0.0018833809265753907,-0.06220831425947184,0.07370033318051207,NA,NA,NA
T135__time,7.410829017181259e-05,-0.04252790395445079,0.05234020661579783,NA,NA,NA
T136__cont_trait_0,0.0372518303309815,-0.01830788191014176,0.11272441495784569,0.3294683709128743,0.12129835940021186,0.5792649834342555
T136__cat_trait_0,0.04014327829677871,-0.016588509118404315,0.11613675985057681,NA,NA,NA
T136__pvr_0,-0.01280928166224531,-0.10670832116717968,0.08477235685467738,NA,NA,NA
T136__pvr_1,0.034729384102741984,-0.05627611042218591,0.13943842805958634,NA,NA,NA
T136__time,0.0570692281999393,0.003249593547827029,0.12725680391838257,NA,NA,NA
T137__cont_trait_0,-0.03200170219112414,-0.08583879169362699,0.029072822282097947,0.14153661322722733,0.036909167600648954,0.25272526220742375
T137__cat_trait_0,0.020753115841391855,-0.019835239594993847,0.07536347126433142,NA,NA,NA
T137__pvr_0,-0.027592134013215506,-0.08424947939598433,0.044478132334224506,NA,NA,NA
T137__pvr_1,0.030711828032360368,-0.042946406118370715,0.10290135660889047,NA,NA,NA
T137__time,-0.02341842608686341,-0.05134273973939922,0.002267923709946329,NA,NA,NA
T138__cont_trait_0,0.021859450882402282,-0.023905494495196567,0.07645876622491841,0.24453855281456208,0.1106630824155734,0.40276493132735536
T138__cat_trait_0,-0.02431391276865875,-0.07261993866509417,0.02134086490035062,NA,NA,NA
T138__pvr_0,0.026064582734526567,-0.06709372325573276,0.10897511977254969,NA,NA,NA
T138__pvr_1,0.008793225790851336,-0.06277588703700963,0.08219934828074438,NA,NA,NA
T138__time,0.039051274530762604,-0.003769078960346891,0.09241427984206552,NA,NA,NA
T140__cont_trait_0,0.04966519403095723,-0.004989531928457158,0.12197118807861361,0.2068441908064001,0.11343961455681409,0.33218543474597007
T140__cat_trait_0,0.01684794297981706,-0.03517921648710952,0.06985249255140318,NA,NA,NA
T140__pvr_0,0.04750554464414455,-0.08978247788939953,0.16097161940840535,NA,NA,NA
T140__pvr_1,-0.06584002356067394,-0.20270883860050165,0.0729954711134181,NA,NA,NA
T140__time,-0.014418398932523049,-0.04488407986081703,0.02035226196537837,NA,NA,NA
T142__cont_trait_0,-0.03769647462143624,-0.09637102749937454,0.013139341555885819,0.15256245585834893,0.05302412116220215,0.2852203482039942
T142__cat_trait_0,-0.0010314302008596796,-0.03609431204750403,0.03914702238472764,NA,NA,NA
T142__pvr_0,-0.03601268102321311,-0.12072248128243025,0.05265776916151843,NA,NA,NA
T142__pvr_1,0.04284665429526962,-0.07845322505030819,0.16224328276825767,NA,NA,NA
T142__time,0.011372455763910272,-0.010390762880542345,0.04047619239987023,NA,NA,NA
T143__cont_trait_0,-0.0027158422619550865,-0.045763478605483576,0.03948620291567707,0.17024949677853304,0.06592296005682781,0.2850349812651118
T143__cat_trait_0,-0.030138470744018965,-0.06345931575787618,0.010020035732527785,NA,NA,NA
T143__pvr_0,0.007768439071890444,-0.05747263720019759,0.08377228613256546,NA,NA,NA
T143__pvr_1,0.011538848608442488,-0.04731626149378879,0.08065189768689526,NA,NA,NA
T143__time,0.01071259045949609,-0.017588858290407273,0.051161706918720185,NA,NA,NA
T144__cont_trait_0,0.044504545859612006,-0.02814115635145041,0.12327840405233156,0.39371487813931544,0.1683521743327176,0.6625280838702285
T144__cat_trait_0,0.025449034814574088,-0.03191453630962739,0.09437664519048446,NA,NA,NA
T144__pvr_0,0.007212587229773952,-0.0904409172862205,0.11233640226900857,NA,NA,NA
T144__pvr_1,0.027361298989133157,-0.07483040677745416,0.12991731170882226,NA,NA,NA
T144__time,0.11610347960154398,0.02899190766898737,0.22757444439852487,NA,NA,NA
T145__cont_trait_0,0.012641511259557465,-0.02278832360779539,0.05664145148619736,0.11678586090354592,0.04709258709957419,0.19911239591281563
T145__cat_trait_0,0.01291930339216353,-0.015977226609582666,0.04415301096869345,NA,NA,NA
T145__pvr_0,-0.013816406029151343,-0.0763298585976953,0.04116558055535723,NA,NA,NA
T145__pvr_1,-0.0061247883121258615,-0.05623068271121326,0.037476371322329054,NA,NA,NA
T145__time,-0.061917691051575977,-0.08652711793899595,-0.028849849164810256,NA,NA,NA
T146__cont_trait_0,-0.03245504121253851,-0.08358020776700771,0.022386554807908205,0.21627905812783915,0.09340014049674952,0.3539736421132779
T146__cat_trait_0,0.018161651246996237,-0.027909009666108053,0.06194241886069904,NA,NA,NA
T146__pvr_0,0.02184073021044245,-0.057295828037230975,0.093932392818326,NA,NA,NA
T146__pvr_1,0.010525922825108829,-0.05777208064433731,0.07974840894320634,NA,NA,NA
T146__time,0.025121863413152028,-0.005312487419039898,0.0628426892956016,NA,NA,NA
T147__cont_trait_0,0.08156752620947431,-0.016323617626431624,0.2125568029901896,0.49302947924786594,0.16265293681315263,0.940219501962091
T147__cat_trait_0,-0.01676699585984296,-0.10655149238192903,0.08923024955658883,NA,NA,NA
T147__pvr_0,0.06407049887951861,-0.08229028216965398,0.23111827620922126,NA,NA,NA
T147__pvr_1,0.04420539593813966,-0.08361256534692857,0.1796620119934208,NA,NA,NA
T147__time,0.1468691224358981,0.038290268239799044,0.28006726525427184,NA,NA,NA
T148__cont_trait_0,-0.07607170800127173,-0.20544845743915863,0.027420420808714888,0.251664545843298,0.11896552731200934,0.4273058163645591
T148__cat_trait_0,0.03547657984719934,-0.041621101774469045,0.12523577201766017,NA,NA,NA
T148__pvr_0,-0.010243808392760321,-0.12754326750360528,0.12122989144898771,NA,NA,NA
T148__pvr_1,0.12283137051594697,-0.06577775452785511,0.304931212644866,NA,NA,NA
T148__time,0.006588180229505479,-0.019615388531736694,0.0318820925296507,NA,NA,NA
T149__cont_trait_0,0.03097205105810383,-0.030920768945068844,0.09321198272691748,0.30023149235582397,0.1503854088024611,0.45971652622537174
T149__cat_trait_0,0.029981030494419008,-0.01703581166795866,0.09049946349523794,NA,NA,NA
T149__pvr_0,0.008593741522046752,-0.06802726804291187,0.09895227634926179,NA,NA,NA
T149__pvr_1,0.018875197223166624,-0.06725448667668898,0.10023985137457644,NA,NA,NA
T149__time,0.0387255404134096,-2.2791005761829686e-05,0.08389734896372986,NA,NA,NA
T150__cont_trait_0,-0.12132042433091203,-0.31440412048301836,0.04856027711857294,0.3630403485845111,0.12177746863641739,0.6412644283795123
T150__cat_trait_0,0.055286863543044594,-0.049733813246863684,0.20100773871409267,NA,NA,NA
T150__pvr_0,-0.020286151320136572,-0.2030642596877496,0.1679057873852024,NA,NA,NA
T150__pvr_1,0.17796046373527763,-0.059126253256609834,0.5355768837999192,NA,NA,NA
T150__time,0.09831566531255921,0.020883003093413566,0.19886594722980172,NA,NA,NA
T151__cont_trait_0,0.0671306163531866,-0.03179978212024613,0.2016814345755802,0.5749867125450583,0.21177944320102923,1.0250570436745408
T151__cat_trait_0,0.049449403095211876,-0.032302552722155264,0.15670474380447916,NA,NA,NA
T151__pvr_0,0.05154737227029467,-0.08513061249780945,0.20314025142777725,NA,NA,NA
T151__pvr_1,0.05891133579432289,-0.07962381780790873,0.21553217014341816,NA,NA,NA
T151__time,0.1748640533873641,0.05754152048441065,0.3384757043620085,NA,NA,NA
T152__cont_trait_0,0.06313546316647171,-0.010021925184203929,0.17230246555821166,0.4135652509617271,0.1662655328098678,0.7715703352316987
T152__cat_trait_0,-0.034199598787061074,-0.1098782857288902,0.06085678632791894,NA,NA,NA
T152__pvr_0,0.02403092326359322,-0.10643423540182008,0.15878547172300445,NA,NA,NA
T152__pvr_1,0.0340298494860287,-0.07382942383046401,0.14765170417095877,NA,NA,NA
T152__time,0.1534846821880163,0.04872567120964157,0.2915125343419036,NA,NA,NA
T153__cont_trait_0,-0.11293721643522928,-0.26708359814288374,0.038714081244323656,0.3573057412627417,0.10762193443734758,0.6778586650588827
T153__cat_trait_0,-0.0673461815724142,-0.15609981760566444,0.03708005332358799,NA,NA,NA
T153__pvr_0,0.02976333644532998,-0.09353802187269013,0.18011943232701666,NA,NA,NA
T153__pvr_1,0.0311786063014171,-0.05788305324053425,0.14328540638429638,NA,NA,NA
T153__time,0.30356326487895985,0.0825799404999218,0.5504140905316913,NA,NA,NA
T154__cont_trait_0,0.06435778769364658,-0.02271262894669252,0.14916853461901436,0.22306701132680876,0.08151049206844173,0.3602099495553218
T154__cat_trait_0,0.021518242175389234,-0.03529069945719461,0.09291547522438073,NA,NA,NA
T154__pvr_0,0.05074460233778376,-0.08079499319794807,0.161051635486334,NA,NA,NA
T154__pvr_1,-0.06760929442485583,-0.20113460453677992,0.06930461218632741,NA,NA,NA
T154__time,-0.01902825809983305,-0.048530350942316156,0.017493850751538337,NA,NA,NA
T155__cont_trait_0,-0.025889376821033868,-0.08699163576304247,0.029260934545258445,0.21385389606378394,0.07370733766653075,0.3878462708737711
T155__cat_trait_0,-0.013651366288784642,-0.06818639435400953,0.046908165025791065,NA,NA,NA
T155__pvr_0,-0.04634584894858424,-0.1415109244443104,0.05505989011933447,NA,NA,NA
T155__pvr_1,0.06902217850929543,-0.04665038127819714,0.181961063408134,NA,NA,NA
T155__time,0.05763437796821313,0.011739890758586252,0.13222557097169305,NA,NA,NA
T157__cont_trait_0,-0.01522790795837125,-0.06844710988422491,0.042738228684092876,0.1977826687156294,0.06671646138095381,0.33176502739541813
T157__cat_trait_0,0.029281219315692317,-0.02548519072743153,0.09261886073569515,NA,NA,NA
T157__pvr_0,-0.040389162737724096,-0.10611273595929024,0.0382994783638379,NA,NA,NA
T157__pvr_1,0.039852166289045136,-0.04180394854795046,0.12508840339930727,NA,NA,NA
T157__time,0.011182422162309174,-0.008681330022120643,0.035299564102172235,NA,NA,NA
T158__cont_trait_0,0.02567159957424556,-0.0772913795569791,0.16835782447742884,0.28281410844490534,0.10606830936600417,0.4893025887629857
T158__cat_trait_0,0.010333692913766379,-0.04075398113295002,0.07320449546886916,NA,NA,NA
T158__pvr_0,0.007063517162605281,-0.06858501241346346,0.10139458743964339,NA,NA,NA
T158__pvr_1,0.006297101467494431,-0.07402536015305736,0.0934901350282753,NA,NA,NA
T158__time,0.06036426568211556,0.005897525275406004,0.13990613563018536,NA,NA,NA
T159__cont_trait_0,-0.011341901385753013,-0.044793139241185005,0.029693972653331093,0.13651178556308818,0.04911693103018937,0.22080213622865097
T159__cat_trait_0,-0.023816623003237235,-0.058619665287010854,0.009854543301833565,NA,NA,NA
T159__pvr_0,0.009292131921872194,-0.05375937450249792,0.07205063478687918,NA,NA,NA
T159__pvr_1,0.008578287971766439,-0.04683444729391952,0.06942419862682911,NA,NA,NA
T159__time,-0.019284041586238327,-0.033442621952979326,-0.0009654927755232551,NA,NA,NA
T160__cont_trait_0,0.02916362395606977,-0.01798023764983243,0.07463234827287459,0.15174023045918933,0.05884944541485437,0.2609024371091828
T160__cat_trait_0,-0.012531434235594517,-0.05476272589427189,0.0287198947313256,NA,NA,NA
T160__pvr_0,-0.0051714014226446415,-0.08141521421157168,0.0788587732553792,NA,NA,NA
T160__pvr_1,0.0005030730526208723,-0.053368325046371144,0.05874559753416391,NA,NA,NA
T160__time,-0.033307562535940284,-0.06135380801901726,-0.010017406052507734,NA,NA,NA
T161__cont_trait_0,0.01096337237256947,-0.03556708511936754,0.06596325745039755,0.21208484698434046,0.09780251848124026,0.33157926235304847
T161__cat_trait_0,0.014158174228206763,-0.04242765854469456,0.06793676771615523,NA,NA,NA
T161__pvr_0,0.01983257243275322,-0.08159872878173395,0.1347360755507066,NA,NA,NA
T161__pvr_1,-0.06323855564446264,-0.14379877314656225,0.03200244423709571,NA,NA,NA
T161__time,0.057285351950595545,0.017513182297737157,0.10341257545394114,NA,NA,NA
T162__cont_trait_0,0.03404831968422811,-0.038268064868879056,0.1116204280509421,0.3430764398617977,0.17028458731589086,0.5485301411458502
T162__cat_trait_0,0.010380555049160283,-0.03700531711639869,0.0671113493795583,NA,NA,NA
T162__pvr_0,0.014411250687487104,-0.07963437945539711,0.10303163285925407,NA,NA,NA
T162__pvr_1,0.016598045167875324,-0.08308958653632359,0.10980641298528167,NA,NA,NA
T162__time,0.09455433762836882,0.0338609024168641,0.1634225753233456,NA,NA,NA
T163__cont_trait_0,0.050691333412134026,-0.020976948493706314,0.13719989371710092,0.24097592299476908,0.09113926863870389,0.39549196337505677
T163__cat_trait_0,0.0032464706007630166,-0.0499608379427171,0.06425227926924743,NA,NA,NA
T163__pvr_0,0.03867993718100566,-0.04461374222578986,0.12739139730750013,NA,NA,NA
T163__pvr_1,0.00037572104822643275,-0.06265082456959442,0.08463230825846307,NA,NA,NA
T163__time,-0.025101470892038142,-0.05160263391121951,0.0003588711178502922,NA,NA,NA
T164__cont_trait_0,0.06175186269082224,-0.018639286352572844,0.14124131061841566,0.21672861472922514,0.09625767883908584,0.3505365758563205
T164__cat_trait_0,0.020435065218243138,-0.03542809749638272,0.0849373875132181,NA,NA,NA
T164__pvr_0,0.0497509536487994,-0.07874756611014629,0.16110895593798963,NA,NA,NA
T164__pvr_1,-0.06696995167806366,-0.19665322204412108,0.065972275475013,NA,NA,NA
T164__time,-0.021323246795254276,-0.0465897163182394,0.008423609258157078,NA,NA,NA
T165__cont_trait_0,0.0230659014737388,-0.021035955736920436,0.07736122337772015,0.20547811034139582,0.11138338023028771,0.3089664225719237
T165__cat_trait_0,0.012599161893841184,-0.024427486371211365,0.04894258571456509,NA,NA,NA
T165__pvr_0,-0.007338995455970654,-0.07502422398965616,0.06334600585854523,NA,NA,NA
T165__pvr_1,0.0028076505958279873,-0.06991433492654732,0.06289833496206121,NA,NA,NA
T165__time,0.001260460189280465,-0.020707024555520037,0.029961868296317667,NA,NA,NA
T166__cont_trait_0,-0.05677311083922498,-0.13904105712764625,0.06177580971045751,0.42276595239546055,0.13275330371123242,0.7619205430481185
T166__cat_trait_0,0.049908322792246815,-0.028589678971616697,0.15057594888855663,NA,NA,NA
T166__pvr_0,0.060979211988692175,-0.06648171586645443,0.1956167233521363,NA,NA,NA
T166__pvr_1,0.03679753048886645,-0.0613720939636732,0.16909844114680095,NA,NA,NA
T166__time,0.1587700663202021,0.04993258850515786,0.2853259374457029,NA,NA,NA
T167__cont_trait_0,0.07519698863305364,-0.03178327595020061,0.18372844490509224,0.4124499861358754,0.1354779484574052,0.7788108488942111
T167__cat_trait_0,-0.03420107093830986,-0.13083624268594984,0.10142659178792998,NA,NA,NA
T167__pvr_0,-0.05096118520682888,-0.2163129178645007,0.09222672282941066,NA,NA,NA
T167__pvr_1,0.1422496448380329,-0.02725560843048358,0.3257867195817702,NA,NA,NA
T167__time,0.10708167716524944,0.017383878040878223,0.20903030830792102,NA,NA,NA
T168__cont_trait_0,-0.020066974363967243,-0.0858406869294005,0.048184076422506654,0.3504738395438718,0.12943570676422272,0.5920281190113177
T168__cat_trait_0,-0.07137199349839883,-0.1570092806747546,-0.007264226716808139,NA,NA,NA
T168__pvr_0,0.03134782165598396,-0.10024440878238605,0.16238380020938506,NA,NA,NA
T168__pvr_1,0.02603751267499505,-0.07433702631702925,0.12369431204003775,NA,NA,NA
T168__time,0.2114435414305806,0.0746201982195075,0.33206170948402214,NA,NA,NA
T169__cont_trait_0,0.07230342678577226,-0.052833274830399256,0.1918094283288482,0.2345059086210649,0.05568042748159367,0.4265211288585243
T169__cat_trait_0,0.022558277533378395,-0.051237218056481584,0.09564190150113006,NA,NA,NA
T169__pvr_0,0.05580423101960654,-0.07326687124097489,0.19087060877969125,NA,NA,NA
T169__pvr_1,-0.06914911613850898,-0.24303788564769663,0.0753945283251892,NA,NA,NA
T169__time,-0.02009484222386136,-0.04987447379878951,0.009248684161388791,NA,NA,NA
T170__cont_trait_0,0.019689391639534298,-0.024095289598121218,0.07172339024805242,0.19289310812458924,0.09911829319526194,0.3098374459359509
T170__cat_trait_0,0.014976867369662552,-0.022729113457902766,0.05443338357866465,NA,NA,NA
T170__pvr_0,0.006947426306221865,-0.05812898229487451,0.07809399607537525,NA,NA,NA
T170__pvr_1,0.0026920871665045763,-0.06351935964574265,0.06841630496892345,NA,NA,NA
T170__time,-0.024496596002012136,-0.04765020912774181,0.0033236233475176444,NA,NA,NA
T171__cont_trait_0,0.047148330503291626,-0.02728088213887572,0.1300830643923952,0.26190165475358496,0.10123680850492799,0.4654423848583289
T171__cat_trait_0,-0.0392896154013908,-0.11124190705053619,0.056347625439619256,NA,NA,NA
T171__pvr_0,-0.0729697615705956,-0.1916512696138603,0.0580954767642559,NA,NA,NA
T171__pvr_1,0.09740480653364227,-0.02386944051141314,0.23775049487769676,NA,NA,NA
T171__time,0.05652396304395909,0.002138206911206853,0.12044905218715371,NA,NA,NA
T172__cont_trait_0,0.0776404464717796,-0.17640686322551663,0.32708617787821725,0.37057670992003056,0.07655469806834023,0.7826020924349559
T172__cat_trait_0,0.025328219011215115,-0.06045875138268081,0.15614632281532492,NA,NA,NA
T172__pvr_0,0.05322003799397097,-0.12512053731926592,0.2292801034260828,NA,NA,NA
T172__pvr_1,-0.09062506080599908,-0.31673433892471864,0.15562972749918796,NA,NA,NA
T172__time,0.13192913560438557,0.034351441688261444,0.2758963268948109,NA,NA,NA
T173__cont_trait_0,0.04597973222441354,-0.03133150111031316,0.1374099838407037,0.4284394986683413,0.2132538091975572,0.7151006865477809
T173__cat_trait_0,0.02521369142260842,-0.037957836956500346,0.09819089520413535,NA,NA,NA
T173__pvr_0,0.00153316208905784,-0.10401919121420802,0.12012035643981711,NA,NA,NA
T173__pvr_1,0.03281660644691704,-0.08241084449884635,0.13853054224868536,NA,NA,NA
T173__time,0.14981237484066623,0.05044231407784937,0.2563010136188157,NA,NA,NA
T174__cont_trait_0,0.03719560692290084,-0.05971661120847743,0.13864926136322167,0.21765655223947752,0.08471808964465453,0.3732927278874173
T174__cat_trait_0,0.01021395173492032,-0.03313613564095161,0.0574609884928137,NA,NA,NA
T174__pvr_0,-0.005692497184836168,-0.08111112259407262,0.0624463232790685,NA,NA,NA
T174__pvr_1,0.001346099160577247,-0.06020744919542569,0.07536663180920472,NA,NA,NA
T174__time,0.0015094599612372414,-0.024425410549290413,0.0390726341065901,NA,NA,NA
T175__cont_trait_0,0.030941209330892016,-0.0347643131798508,0.11553719913606361,0.2667773726629103,0.0680808037652523,0.5458602982807944
T175__cat_trait_0,0.044117223342932894,-0.02370109948604357,0.12916266735674498,NA,NA,NA
T175__pvr_0,-0.052131011687083034,-0.1686134467316154,0.07135228150237219,NA,NA,NA
T175__pvr_1,0.08586477991147688,-0.0609559213339694,0.21875799823396774,NA,NA,NA
T175__time,-0.015098759879986753,-0.05511668820104232,0.023107155626353848,NA,NA,NA
T176__cont_trait_0,0.03371990981723219,-0.023069434618785706,0.10075171012290271,0.3077994932299299,0.13751248756417286,0.5350828497769484
T176__cat_trait_0,0.030883416775899994,-0.0226261367114077,0.08884182365606938,NA,NA,NA
T176__pvr_0,0.0108560278243025,-0.06340465893609672,0.09600624430022395,NA,NA,NA
T176__pvr_1,0.03590205699292233,-0.049541293554467875,0.15008161009696036,NA,NA,NA
T176__time,0.02335415017489477,-0.0188900008835245,0.08384921370898485,NA,NA,NA
T177__cont_trait_0,0.04809270927589197,-0.03306011278432565,0.13805834839060616,0.3127673006752041,0.09011576197125906,0.580009610522791
T177__cat_trait_0,-0.031919057792104216,-0.11046146421017485,0.07637388583706865,NA,NA,NA
T177__pvr_0,-0.055436335003548935,-0.19889024096479332,0.06647482175449834,NA,NA,NA
T177__pvr_1,0.11879338715275374,-0.0328230563518208,0.26325246030022287,NA,NA,NA
T177__time,0.060152665397533514,0.00504489055715774,0.13354082387487703,NA,NA,NA
T178__cont_trait_0,0.012221231951619144,-0.028176824086240053,0.06406935609237605,0.1731877908029757,0.07943076390375224,0.27135171801193014
T178__cat_trait_0,0.013064564968377169,-0.03476371054451077,0.06251181243627629,NA,NA,NA
T178__pvr_0,0.018444984777417506,-0.08245595484074457,0.1081128065624852,NA,NA,NA
T178__pvr_1,-0.06115692705482175,-0.14786929571004295,0.012883564551028938,NA,NA,NA
T178__time,0.017530004515705522,-0.005156808431888878,0.047166660192889495,NA,NA,NA
T179__cont_trait_0,-0.05068977604152683,-0.1085847742660494,0.01333062683443617,0.20213339644618955,0.09196822574111126,0.33566629468411885
T179__cat_trait_0,-0.0430203646176349,-0.09370031523952158,0.005529963861264767,NA,NA,NA
T179__pvr_0,0.01285351432439339,-0.06697857910019224,0.10077130858629688,NA,NA,NA
T179__pvr_1,0.017630734285718562,-0.04824218734737,0.09049764350375404,NA,NA,NA
T179__time,0.09227535685056133,0.032016759826535665,0.16794338903851946,NA,NA,NA
T180__cont_trait_0,-0.00854610747915638,-0.06813398730435533,0.07429417244320208,0.1859455513092192,0.07616289289185162,0.32528773418153056
T180__cat_trait_0,0.002559602481081596,-0.053124154280734415,0.06686136390039013,NA,NA,NA
T180__pvr_0,0.019015753749458155,-0.049528978910990354,0.09384476204849804,NA,NA,NA
T180__pvr_1,0.016739740150511325,-0.048365438518202186,0.07313765186129806,NA,NA,NA
T180__time,-0.01690736923735354,-0.0375154783562016,0.004739969190817303,NA,NA,NA
T181__cont_trait_0,0.003464392985331998,-0.04696758937625491,0.060559583700565925,0.24650131738926703,0.09825430338859407,0.4198521148934173
T181__cat_trait_0,0.012147800887666522,-0.044848615192335545,0.07877814710516064,NA,NA,NA
T181__pvr_0,0.026611027397482757,-0.0990176872020343,0.16676224685688815,NA,NA,NA
T181__pvr_1,-0.06209458147903687,-0.1831555570850823,0.058881710259894804,NA,NA,NA
T181__time,0.0932887459531445,0.028938686543589207,0.17111537152908263,NA,NA,NA
T182__cont_trait_0,0.034939980266452335,-0.03242713846307352,0.1108973293514296,0.27875437683064774,0.03799658516840848,0.5621188941505116
T182__cat_trait_0,-0.012748039764577477,-0.07984416150991944,0.08579252009552624,NA,NA,NA
T182__pvr_0,0.04273396040264126,-0.10980433442089686,0.21405212513192245,NA,NA,NA
T182__pvr_1,-0.05254949170199316,-0.20269187706792297,0.11656392241667587,NA,NA,NA
T182__time,0.09329403598344675,0.018990256203868162,0.19228331517646324,NA,NA,NA
T183__cont_trait_0,-0.059130586071138885,-0.1597387403127594,0.040898297968388383,0.41053844081475566,0.13736509861851087,0.7834902915920386
T183__cat_trait_0,0.047528731987404454,-0.034875423911896325,0.1442762501216483,NA,NA,NA
T183__pvr_0,0.05764616060077442,-0.06224186409650502,0.18965608103164214,NA,NA,NA
T183__pvr_1,0.0356896870166119,-0.06360833805984467,0.16216403127050782,NA,NA,NA
T183__time,0.1557205156364259,0.047805535571024474,0.2954432047755543,NA,NA,NA
T187__cont_trait_0,0.001751580838960282,-0.06023295047819044,0.07976850528256386,0.32267608420068744,0.1347790696622584,0.5494589777150891
T187__cat_trait_0,0.04545474634719552,-0.012223986559152446,0.1254569621153907,NA,NA,NA
T187__pvr_0,0.0030466511064593314,-0.07836865997417408,0.11642361944462006,NA,NA,NA
T187__pvr_1,0.0378876032123913,-0.04122103148669157,0.1476535467468453,NA,NA,NA
T187__time,0.061451571051002844,0.015743388330581844,0.11842894706429061,NA,NA,NA
T188__cont_trait_0,0.03760078836083562,-0.016527050595664724,0.09726081857031972,0.269090173386624,0.12564133574095152,0.42417686632245044
T188__cat_trait_0,-0.011456562172052239,-0.06131857927850117,0.04449320341303824,NA,NA,NA
T188__pvr_0,0.03185664717627706,-0.06650003294198942,0.1209223101302647,NA,NA,NA
T188__pvr_1,0.008740104159468466,-0.06408466117921524,0.08291608341166605,NA,NA,NA
T188__time,0.029265264217416962,-0.010973407435345577,0.07051165665235076,NA,NA,NA
T189__cont_trait_0,-0.055141572004382675,-0.14091028106686265,0.02360263889712297,0.21828475031225048,0.07873253409390676,0.3638111572408206
T189__cat_trait_0,-0.017856692763271786,-0.07585390999488838,0.04451216840950673,NA,NA,NA
T189__pvr_0,0.03371480127833798,-0.058379663118122725,0.12610494543427478,NA,NA,NA
T189__pvr_1,0.009936443848677702,-0.057175695292726855,0.08082691215860938,NA,NA,NA
T189__time,0.0745478383082112,0.02464923974493774,0.14485685863587577,NA,NA,NA
T190__cont_trait_0,0.08313650742213533,-0.027320516159984126,0.22591601819768348,0.43835624412274743,0.09122149876202063,0.8993827699024195
T190__cat_trait_0,0.06357689540463092,-0.04633364134686224,0.21109150150253161,NA,NA,NA
T190__pvr_0,-0.03736313761185599,-0.15806136868410203,0.12059132930350278,NA,NA,NA
T190__pvr_1,0.07660248789435821,-0.062240591572017896,0.24602951731442124,NA,NA,NA
T190__time,0.07931955936880071,0.01584398841823318,0.17351781412422787,NA,NA,NA
T191__cont_trait_0,-0.06933189782974808,-0.1784956019498634,0.04553066164450804,0.42254803504907895,0.1350581820573686,0.7939531663100055
T191__cat_trait_0,-0.08613031811436545,-0.17103646952399737,0.019463502905069,NA,NA,NA
T191__pvr_0,0.044595139646225114,-0.10813585960730851,0.21942888353187268,NA,NA,NA
T191__pvr_1,0.03728437903463176,-0.054964200587677606,0.1426637082294832,NA,NA,NA
T191__time,0.3230468006676573,0.0809694508579103,0.5775115466683807,NA,NA,NA
T193__cont_trait_0,-0.0021568369820489774,-0.0497609669256553,0.05087232101884483,0.21310757032566216,0.08493511475092128,0.3777098747412777
T193__cat_trait_0,-0.013172148912726467,-0.06984392443248846,0.043962230275299,NA,NA,NA
T193__pvr_0,-0.04429657062171618,-0.14769347897581242,0.061845541204274025,NA,NA,NA
T193__pvr_1,0.0844880827488659,-0.03416458962661069,0.20220290733227597,NA,NA,NA
T193__time,0.015161112448609832,-0.00798902620519671,0.051403959580862246,NA,NA,NA
T194__cont_trait_0,0.02382270139756452,-0.05568876119361674,0.1178759561684013,0.2895369926470595,0.11767190605979755,0.46924401979145247
T194__cat_trait_0,0.007462243348822158,-0.03823598815603979,0.062037585706967394,NA,NA,NA
T194__pvr_0,0.009018031043095646,-0.07373717292036089,0.09112590242128618,NA,NA,NA
T194__pvr_1,0.004787105412348119,-0.07895758768025729,0.09908800004021681,NA,NA,NA
T194__time,0.071362979800551,0.009920733433736485,0.16566822912579454,NA,NA,NA
T195__cont_trait_0,-0.04065939819792711,-0.09255851353745724,0.006510980751828703,0.17797416585226658,0.07083784116961517,0.28833395029367803
T195__cat_trait_0,-0.027838557382138286,-0.06311178670182285,0.013979603853029238,NA,NA,NA
T195__pvr_0,0.020309351550080654,-0.057007433424509646,0.09213316557788762,NA,NA,NA
T195__pvr_1,0.015979033679605476,-0.044019630285468694,0.08769623236813157,NA,NA,NA
T195__time,0.03709980455796774,0.008949281360081295,0.07209473685408616,NA,NA,NA
T196__cont_trait_0,0.003151655657096048,-0.07388949239930448,0.08362816191411196,0.3208170258049987,0.10544203499795746,0.6631021374811124
T196__cat_trait_0,0.027365753949762966,-0.038528456251007974,0.11371222436630699,NA,NA,NA
T196__pvr_0,-0.05525621191329313,-0.19422635336045999,0.0758801369844377,NA,NA,NA
T196__pvr_1,0.07768325935229355,-0.08229480543149473,0.22458564745653153,NA,NA,NA
T196__time,0.09478863711446098,0.015362652807911839,0.19354617005938463,NA,NA,NA
T197__cont_trait_0,0.01461120290882354,-0.0400002492289437,0.0740361947043881,0.23163458873327447,0.07934426787780255,0.4199659289968996
T197__cat_trait_0,-0.020514033235878838,-0.08274670808986778,0.039181037315835374,NA,NA,NA
T197__pvr_0,-0.04740695250695226,-0.15448562815633163,0.061618355547159935,NA,NA,NA
T197__pvr_1,0.093943755236845,-0.03920217001171531,0.21369228581710265,NA,NA,NA
T197__time,0.017916684685758928,-0.008271415253516053,0.05443048057096812,NA,NA,NA
T198__cont_trait_0,-0.009000240322845564,-0.06297748081507137,0.05869415022770033,0.2823463829726525,0.12160060046954531,0.4879525983681964
T198__cat_trait_0,0.030319097181545702,-0.01915082252194964,0.08871010704043425,NA,NA,NA
T198__pvr_0,0.04062110638416352,-0.04648750365185583,0.1406354827679484,NA,NA,NA
T198__pvr_1,0.018776144973873938,-0.0718805788569884,0.1061432519706025,NA,NA,NA
T198__time,0.028546343111236827,-0.006510439229794079,0.07760312051156942,NA,NA,NA
T199__cont_trait_0,-0.03125844676853022,-0.11147406183108591,0.051656565896211516,0.4055177397772925,0.11952303443343154,0.751671700445416
T199__cat_trait_0,0.04193123161870698,-0.06804640204880488,0.16682816481271873,NA,NA,NA
T199__pvr_0,-0.002271319934446525,-0.1307007412968579,0.16129038430057174,NA,NA,NA
T199__pvr_1,0.11578234800557463,-0.07198648595480414,0.26994627459682075,NA,NA,NA
T199__time,0.10824999521130961,0.025976894250098095,0.21776908123915906,NA,NA,NA
T200__cont_trait_0,0.08399247236017791,-0.08643627801544343,0.28606378906999946,0.3514188782276047,0.09739631030119457,0.6819703408254258
T200__cat_trait_0,0.02855229240075026,-0.06005203143318794,0.13585587168490315,NA,NA,NA
T200__pvr_0,0.06645076422789996,-0.09876836373281334,0.23341714445452466,NA,NA,NA
T200__pvr_1,-0.08519775931867626,-0.2875132597360195,0.1324245299499066,NA,NA,NA
T200__time,0.0845371769127747,0.011640776847472514,0.1847160156754244,NA,NA,NA
T201__cont_trait_0,0.07562398182278764,-0.0048842216180551845,0.1802293734288957,0.3426117015967016,0.15272689441083456,0.560442950239163
T201__cat_trait_0,0.027970044578903463,-0.04942186260665472,0.11248846440556534,NA,NA,NA
T201__pvr_0,0.05960047350221056,-0.09095774875144813,0.198324557991593,NA,NA,NA
T201__pvr_1,-0.07644017056415564,-0.23090021344875603,0.08280457750028794,NA,NA,NA
T201__time,0.08277344061227744,0.021911840392711573,0.16410329546341315,NA,NA,NA
T202__cont_trait_0,0.06122824268752367,-0.04250138586119624,0.19599229710430843,0.28229937522252857,0.015165915273965103,0.6040025646635716
T202__cat_trait_0,-0.013734270594418063,-0.07755708906562932,0.0947336230510554,NA,NA,NA
T202__pvr_0,0.045648099011494025,-0.12468074336082842,0.22566707280212384,NA,NA,NA
T202__pvr_1,-0.05917501479761534,-0.22542539540761003,0.11748538816238972,NA,NA,NA
T202__time,0.07524838727086611,0.010649727543211703,0.17130083114772265,NA,NA,NA
T203__cont_trait_0,-0.005407439255956823,-0.04680612155130284,0.04216395637137263,0.17298593289433278,0.06433264518314927,0.2900063451602673
T203__cat_trait_0,0.010412412786631912,-0.03381111037066584,0.06805485843564628,NA,NA,NA
T203__pvr_0,0.015522071023096896,-0.08259985835148528,0.1061695094528077,NA,NA,NA
T203__pvr_1,-0.05730505953798816,-0.13003888704596817,0.03202196351733662,NA,NA,NA
T203__time,0.03668001623387081,0.004047400508962868,0.07928733181414392,NA,NA,NA
T204__cont_trait_0,0.0018708544062074383,-0.18069385031371696,0.21162580516830348,0.5331797149861136,0.19041225784806942,1.0354801379174638
T204__cat_trait_0,0.02045274713616598,-0.06320101947252055,0.136235402805869,NA,NA,NA
T204__pvr_0,0.024654143998032525,-0.10690907394072915,0.17590113316540887,NA,NA,NA
T204__pvr_1,0.03337619559365004,-0.08796546862645055,0.17222897308572802,NA,NA,NA
T204__time,0.2797418422073793,0.09751093633296147,0.5167072269725291,NA,NA,NA
T205__cont_trait_0,-0.009718281639486433,-0.10925914025348513,0.13609309611339376,0.2932138509785483,0.09755010603158627,0.5659292517670457
T205__cat_trait_0,-0.001081941980629678,-0.0902221087656761,0.09584108050887047,NA,NA,NA
T205__pvr_0,0.040061787797450656,-0.049806168102073625,0.1574684733901202,NA,NA,NA
T205__pvr_1,0.033336704989313876,-0.04971423555555063,0.13157813728367765,NA,NA,NA
T205__time,0.05753165016722173,0.013314209351346529,0.115810938800439,NA,NA,NA
T207__cont_trait_0,-0.04769965146649788,-0.1322959623019348,0.05498562621715458,0.2362794155446097,0.09288967202700943,0.4031892934131702
T207__cat_trait_0,-0.012563429283810455,-0.07536522118800472,0.06804882806419701,NA,NA,NA
T207__pvr_0,0.034922866094711555,-0.05704081375242945,0.1372455631864321,NA,NA,NA
T207__pvr_1,0.012805781402281438,-0.052215035464146645,0.08862345312561234,NA,NA,NA
T207__time,0.0757299171532469,0.02245303457825807,0.14014641410662226,NA,NA,NA
T208__cont_trait_0,-0.028512766913687183,-0.07802010051890765,0.01983708429824996,0.21651209549477207,0.09338487473983531,0.350930397534988
T208__cat_trait_0,-0.04489212140866385,-0.08345240304880089,0.011732435571327582,NA,NA,NA
T208__pvr_0,0.025199767499530512,-0.05618133917947434,0.1095521002482758,NA,NA,NA
T208__pvr_1,0.02141038411103053,-0.05360165308042443,0.10360345476688518,NA,NA,NA
T208__time,0.07022290056188395,0.018287017389328874,0.14271379361911568,NA,NA,NA
T209__cont_trait_0,0.05089271594917397,-0.04273564751040028,0.19068757617665494,0.4281339378381423,0.09461742688305286,0.8999419444207836
T209__cat_trait_0,0.037401656644968855,-0.04620914487724579,0.14652568297749213,NA,NA,NA
T209__pvr_0,-0.05511691692923345,-0.20541537689132697,0.11527866575731621,NA,NA,NA
T209__pvr_1,0.10504393680034904,-0.06982596506327278,0.31252581125841306,NA,NA,NA
T209__time,0.11682861372820574,0.02693957008292286,0.2483023526781701,NA,NA,NA
T210__cont_trait_0,-0.015387698343422712,-0.08944798831825868,0.058961053238703265,0.2804166274099566,0.0869389889644208,0.5848727192541635
T210__cat_trait_0,0.02363597670443672,-0.03931450890259358,0.09588852105930348,NA,NA,NA
T210__pvr_0,-0.055538715464244416,-0.16583969501781456,0.07515438784823926,NA,NA,NA
T210__pvr_1,0.07046275185547544,-0.070438486774753,0.2180709345554592,NA,NA,NA
T210__time,0.08416038101303362,0.02442342430924911,0.16401008818931292,NA,NA,NA
T213__cont_trait_0,-0.12360614682216069,-0.32885938486868127,0.076080183833184,0.2267781791096755,0.0656982429277726,0.41253719182285753
T213__cat_trait_0,-0.011788861271980661,-0.0734539778609008,0.058078839801475976,NA,NA,NA
T213__pvr_0,-0.057927737234591964,-0.22096961393929476,0.10767262536855646,NA,NA,NA
T213__pvr_1,0.10964798455757181,-0.13648371950537833,0.4300496974419037,NA,NA,NA
T213__time,0.13736900823615894,0.03626759798085348,0.2494307453305881,NA,NA,NA
T214__cont_trait_0,0.00913608333367971,-0.13339961775203518,0.20562818089748544,0.3456928634860278,0.09501542269361156,0.7100941113291053
T214__cat_trait_0,0.007005267910477089,-0.093576196820156,0.13886527798974585,NA,NA,NA
T214__pvr_0,0.05698912521314099,-0.07612321272203411,0.19126934358270953,NA,NA,NA
T214__pvr_1,0.030899818237498464,-0.0621390718328161,0.13759388897876162,NA,NA,NA
T214__time,0.06857863714655356,0.018798550849737423,0.1353515534052153,NA,NA,NA
T217__cont_trait_0,-0.1243545074147476,-0.3450027097574282,0.03963868955817188,0.38716690264868325,0.11549379107377411,0.6683735049332558
T217__cat_trait_0,0.05914563455835034,-0.04948757274483333,0.21282617996059977,NA,NA,NA
T217__pvr_0,-0.020933408008991076,-0.21454008978025804,0.17093743303661296,NA,NA,NA
T217__pvr_1,0.1828601638722097,-0.07828725251162025,0.5370247001438857,NA,NA,NA
T217__time,0.11736508799718397,0.027700086276789868,0.22395758184248604,NA,NA,NA
T218__cont_trait_0,-0.14921796539003132,-0.48115062479137294,0.12446187595340039,0.3895919286360005,0.11405950067711065,0.838674813870715
T218__cat_trait_0,0.05419968620062392,-0.05795336184356878,0.22259557718138104,NA,NA,NA
T218__pvr_0,-0.032545775487208876,-0.2344581147092581,0.16037183193711846,NA,NA,NA
T218__pvr_1,0.1801879293861132,-0.11800511458750473,0.5034369984878438,NA,NA,NA
T218__time,0.1638841222818257,0.04175663430092353,0.31528762259617055,NA,NA,NA
T219__cont_trait_0,-0.133396737056382,-0.3404923035438342,0.048058980198239676,0.3358193881220745,0.08900222233149982,0.6565149824961214
T219__cat_trait_0,-0.01441072842170266,-0.10352634605268526,0.06535792750088332,NA,NA,NA
T219__pvr_0,-0.07027744483310955,-0.29153486896759234,0.1330464803535108,NA,NA,NA
T219__pvr_1,0.13103878666054256,-0.19624762284401742,0.4814426589071784,NA,NA,NA
T219__time,0.2497815801280478,0.05546307594068338,0.47857605477940396,NA,NA,NA
T220__cont_trait_0,-0.1394767583682163,-0.48273551439957313,0.13533890715907318,0.2994817751834158,0.0719395749621877,0.6754134148732241
T220__cat_trait_0,-0.008207467141500226,-0.09051164977200804,0.08472463248481817,NA,NA,NA
T220__pvr_0,-0.06752140209219756,-0.2696816135495659,0.12537405125450912,NA,NA,NA
T220__pvr_1,0.12029237093574999,-0.17321804651306139,0.45359125439218007,NA,NA,NA
T220__time,0.22131110020490186,0.05943602552590586,0.4390840080922269,NA,NA,NA
T221__cont_trait_0,-0.13615469801078678,-0.3554666854054468,0.05187600434133282,0.2933235986117423,0.09468655124482356,0.5668378021801945
T221__cat_trait_0,-0.013761852303624134,-0.09714051881103125,0.06542002701262718,NA,NA,NA
T221__pvr_0,-0.06741299952914502,-0.2698624925383839,0.1304681587278684,NA,NA,NA
T221__pvr_1,0.1250240814402024,-0.15063812642904967,0.481409931557708,NA,NA,NA
T221__time,0.21254513537041797,0.050047521829927014,0.39857505786589376,NA,NA,NA
T223__cont_trait_0,-0.10327955531954361,-0.2805584485858171,0.05813478436912363,0.2956109908990573,0.07038325892129048,0.6290814944902577
T223__cat_trait_0,-0.003083820709120894,-0.07787767454938892,0.07266427151707205,NA,NA,NA
T223__pvr_0,-0.05564401566669107,-0.19028343300257905,0.061407654856700994,NA,NA,NA
T223__pvr_1,0.05206347691756137,-0.1333556399707047,0.2609560620208785,NA,NA,NA
T223__time,0.23247097403217337,0.06824750650766777,0.43136919810126784,NA,NA,NA
