sp	hmin	hmax
T1	33.52044860265532	33.52044860265532
T1	32.573137289233244	32.573137289233244
T1	33.58443798855741	33.58443798855741
T1	33.279983923980545	33.279983923980545
T1	34.61471789821792	34.61471789821792
T1	33.809264481106396	33.809264481106396
T1	32.94244915353315	32.94244915353315
T1	34.653762047804044	34.653762047804044
T1	34.2742399045505	34.2742399045505
T2	34.04848188560117	34.04848188560117
T3	30.431557180068708	30.431557180068708
T4	32.64304309228625	32.64304309228625
T4	32.08587408993719	32.08587408993719
T6	30.139107042858484	30.139107042858484
T6	32.478641810167304	32.478641810167304
T6	31.66336303370089	31.66336303370089
T7	28.63158362140999	28.63158362140999
T7	31.912119708381713	31.912119708381713
T7	29.243957214509045	29.243957214509045
T7	30.342192835595075	30.342192835595075
T7	29.389371296060073	29.389371296060073
T7	29.217310599355436	29.217310599355436
T7	31.935731033618968	31.935731033618968
T7	30.772029475542773	30.772029475542773
T7	30.832365393432653	30.832365393432653
T7	31.257782660243056	31.257782660243056
T7	30.535663616026895	30.535663616026895
T7	30.471845246817278	30.471845246817278
T7	30.228854266541898	30.228854266541898
T7	28.51982648335077	28.51982648335077
T7	28.10004236200045	28.10004236200045
T7	27.08127824382197	27.08127824382197
T7	27.46401154083825	27.46401154083825
T7	24.21481671557488	24.21481671557488
T7	27.187375340231984	27.187375340231984
T7	23.615768675144714	23.615768675144714
T7	24.018304499078845	24.018304499078845
T7	25.016088014304465	25.016088014304465
T7	26.82309615947139	26.82309615947139
T7	25.471991009436127	25.471991009436127
T7	25.46359903653779	25.46359903653779
T7	27.56613846550965	27.56613846550965
T7	27.300526919043207	27.300526919043207
T7	24.749533783731717	24.749533783731717
T7	26.99002923893469	26.99002923893469
T7	26.587385256455146	26.587385256455146
T7	21.09862200806378	21.09862200806378
T7	21.693769426235995	21.693769426235995
T7	20.912618504210897	20.912618504210897
T7	20.524108608814156	20.524108608814156
T7	21.752951510411418	21.752951510411418
T7	19.597582078892078	19.597582078892078
T7	20.127795655277943	20.127795655277943
T7	19.643597723843566	19.643597723843566
T7	20.39697818513636	20.39697818513636
T8	30.57373723657367	30.57373723657367
T8	27.976335416145712	27.976335416145712
T9	29.471839984742545	29.471839984742545
T9	29.056416747594607	29.056416747594607
T9	29.720776316618682	29.720776316618682
T9	30.619133757589253	30.619133757589253
T9	30.639922737055272	30.639922737055272
T9	30.304327932365936	30.304327932365936
T9	28.53556937192983	28.53556937192983
T9	31.309009773617102	31.309009773617102
T9	30.2097071651824	30.2097071651824
T9	31.735227338281025	31.735227338281025
T9	31.65464484642926	31.65464484642926
T9	30.786805788353238	30.786805788353238
T9	28.676949439410542	28.676949439410542
T9	28.495702190790794	28.495702190790794
T9	30.04625531923734	30.04625531923734
T9	30.60988619771257	30.60988619771257
T9	30.54053578076456	30.54053578076456
T9	31.502493157683325	31.502493157683325
T9	32.083298223432	32.083298223432
T9	27.926752380514337	27.926752380514337
T9	27.678956650652733	27.678956650652733
T9	27.982035987023608	27.982035987023608
T9	25.56127583988574	25.56127583988574
T9	25.520891023029915	25.520891023029915
T9	26.597640086924887	26.597640086924887
T9	27.18025583741509	27.18025583741509
T9	26.393498205464734	26.393498205464734
T9	25.749028995871797	25.749028995871797
T10	31.071872681737286	31.071872681737286
T10	29.920846105367243	29.920846105367243
T10	28.781429766248078	28.781429766248078
T10	29.081913753100082	29.081913753100082
T10	28.721730784617048	28.721730784617048
T10	29.697510921931567	29.697510921931567
T10	28.719417252337383	28.719417252337383
T10	28.461878389500505	28.461878389500505
T10	30.890182363263897	30.890182363263897
T10	30.735803939366463	30.735803939366463
T14	29.839445882628958	29.839445882628958
T14	29.695116137093393	29.695116137093393
T14	30.02616939893036	30.02616939893036
T15	29.628634610567996	29.628634610567996
T16	29.51018111867556	29.51018111867556
T18	29.89339705335682	29.89339705335682
T18	29.51946110951946	29.51946110951946
T18	28.556985368812533	28.556985368812533
T18	29.28389943599935	29.28389943599935
T18	26.256222438966862	26.256222438966862
T18	26.783871996007772	26.783871996007772
T18	25.445178384827106	25.445178384827106
T18	25.080068931184492	25.080068931184492
T18	27.365127064285208	27.365127064285208
T18	26.170007511501844	26.170007511501844
T18	27.78230628024203	27.78230628024203
T18	27.03960489766266	27.03960489766266
T18	24.492843684045887	24.492843684045887
T18	24.73356608696152	24.73356608696152
T18	26.164169715869626	26.164169715869626
T18	28.042874655471216	28.042874655471216
T18	21.688717946401155	21.688717946401155
T20	29.696415937393308	29.696415937393308
T20	29.582884224790472	29.582884224790472
T20	27.44779063691712	27.44779063691712
T20	27.245553740449914	27.245553740449914
T20	27.939840577816305	27.939840577816305
T21	29.57889158696056	29.57889158696056
T21	28.939401408340565	28.939401408340565
T21	25.928516078107624	25.928516078107624
T21	26.026493040542693	26.026493040542693
T21	26.80120192712776	26.80120192712776
T21	25.833217327719368	25.833217327719368
T21	27.564222722205773	27.564222722205773
T21	25.54346556102979	25.54346556102979
T21	25.36538115323322	25.36538115323322
T22	29.554938241790573	29.554938241790573
T22	28.81451435208043	28.81451435208043
T23	29.013866894798504	29.013866894798504
T23	28.79281591948524	28.79281591948524
T26	28.72710913499247	28.72710913499247
T26	28.390931888354373	28.390931888354373
T26	28.51479453878272	28.51479453878272
T26	28.84370567613078	28.84370567613078
T26	28.70005607793138	28.70005607793138
T27	27.2350574175232	27.2350574175232
T27	28.067620187546737	28.067620187546737
T27	27.927199485036454	27.927199485036454
T27	25.992121315779126	25.992121315779126
T27	26.766946319567563	26.766946319567563
T27	26.25146978655379	26.25146978655379
T27	26.508097927803252	26.508097927803252
T27	26.84648902532546	26.84648902532546
T27	26.860362413697995	26.860362413697995
T27	26.31277279402907	26.31277279402907
T29	28.118445701929335	28.118445701929335
T29	28.4027105976814	28.4027105976814
T29	28.414789197340845	28.414789197340845
T29	27.122337345192705	27.122337345192705
T29	27.805496173824466	27.805496173824466
T31	28.210689475752638	28.210689475752638
T31	28.289427692171177	28.289427692171177
T32	27.38017896028617	27.38017896028617
T32	26.639506335090683	26.639506335090683
T32	23.14172520203873	23.14172520203873
T32	24.263115294117732	24.263115294117732
T33	27.265087700879388	27.265087700879388
T33	27.234755893217837	27.234755893217837
T34	27.478369511710437	27.478369511710437
T34	27.35261421181989	27.35261421181989
T34	27.358510522634116	27.358510522634116
T34	27.56883805339901	27.56883805339901
T34	27.63386613871215	27.63386613871215
T34	27.55153165789976	27.55153165789976
T35	26.880964865866776	26.880964865866776
T36	26.496234566453108	26.496234566453108
T37	24.79095217700659	24.79095217700659
T37	23.559502910572892	23.559502910572892
T37	24.19685296233314	24.19685296233314
T37	26.539886777916937	26.539886777916937
T37	24.234553311373055	24.234553311373055
T37	23.904934882516674	23.904934882516674
T37	23.286410337306204	23.286410337306204
T37	26.584559846000246	26.584559846000246
T37	23.074573894028436	23.074573894028436
T37	24.479231215520734	24.479231215520734
T37	24.50470586980457	24.50470586980457
T37	24.21812616108099	24.21812616108099
T37	25.54014456703655	25.54014456703655
T37	25.344571329771437	25.344571329771437
T37	25.3446862761015	25.3446862761015
T37	26.668181263123433	26.668181263123433
T37	24.05445534364789	24.05445534364789
T37	25.277560730206357	25.277560730206357
T37	23.959175298964297	23.959175298964297
T37	21.435614595575263	21.435614595575263
T37	21.612349120814773	21.612349120814773
T37	22.24856679593715	22.24856679593715
T37	22.666974692771664	22.666974692771664
T37	20.96398706065262	20.96398706065262
T37	19.50732540033569	19.50732540033569
T37	19.11204362651655	19.11204362651655
T37	18.805602173479063	18.805602173479063
T37	18.027165943441915	18.027165943441915
T37	19.820342846679683	19.820342846679683
T37	19.699871851503953	19.699871851503953
T37	19.96718024710778	19.96718024710778
T37	17.624905429764254	17.624905429764254
T37	17.714764178534615	17.714764178534615
T37	18.369969260268423	18.369969260268423
T37	19.588197958223116	19.588197958223116
T37	19.1968573897269	19.1968573897269
T37	18.78318384640442	18.78318384640442
T37	19.888886447981925	19.888886447981925
T37	17.949095574172993	17.949095574172993
T37	18.66345571210417	18.66345571210417
T37	18.365719080000773	18.365719080000773
T37	19.229834097017875	19.229834097017875
T37	20.28342537960539	20.28342537960539
T37	19.67541833423452	19.67541833423452
T37	17.73763748439189	17.73763748439189
T37	18.448976817790783	18.448976817790783
T37	19.58468339875291	19.58468339875291
T38	25.205688717365277	25.205688717365277
T38	24.21886450400846	24.21886450400846
T38	26.402795618178565	26.402795618178565
T38	26.416011675091088	26.416011675091088
T38	25.738943362354977	25.738943362354977
T39	26.247500263264445	26.247500263264445
T39	26.139632596258615	26.139632596258615
T39	26.483504586195377	26.483504586195377
T39	26.08511997043378	26.08511997043378
T39	26.45040822353809	26.45040822353809
T41	21.350098470159534	21.350098470159534
T42	25.492830472933846	25.492830472933846
T42	25.193390538474507	25.193390538474507
T42	25.31681181736028	25.31681181736028
T42	23.452880226992765	23.452880226992765
T42	24.44269257029229	24.44269257029229
T43	23.534373595935378	23.534373595935378
T43	23.928439476941982	23.928439476941982
T43	25.200645004540867	25.200645004540867
T43	20.322774604222158	20.322774604222158
T43	19.707962095563435	19.707962095563435
T43	18.081907679342045	18.081907679342045
T43	18.23545625918007	18.23545625918007
T43	16.94083518881354	16.94083518881354
T43	15.87103944137632	15.87103944137632
T43	15.28000456851242	15.28000456851242
T43	13.43472372312737	13.43472372312737
T43	10.565787725999076	10.565787725999076
T43	10.841911307011083	10.841911307011083
T43	10.451457406405583	10.451457406405583
T43	9.15754318080565	9.15754318080565
T44	25.570077943484797	25.570077943484797
T45	24.898435231000416	24.898435231000416
T45	24.40448536519001	24.40448536519001
T45	24.91124568296491	24.91124568296491
T45	25.435230068122554	25.435230068122554
T45	24.580136405005007	24.580136405005007
T45	24.27111482121844	24.27111482121844
T45	25.10525799231213	25.10525799231213
T45	23.533200593859465	23.533200593859465
T45	24.95628701248593	24.95628701248593
T45	25.29498347347009	25.29498347347009
T45	23.289885662918174	23.289885662918174
T45	23.399544549718023	23.399544549718023
T45	23.445804163768585	23.445804163768585
T45	25.24238041647846	25.24238041647846
T45	21.792328718233588	21.792328718233588
T45	22.42338697463875	22.42338697463875
T45	21.41648757698434	21.41648757698434
T46	24.911405118043724	24.911405118043724
T47	24.783119373198687	24.783119373198687
T48	23.272622115195123	23.272622115195123
T48	24.626025396618367	24.626025396618367
T48	23.479349786126757	23.479349786126757
T48	23.980921095045815	23.980921095045815
T48	22.555711029834747	22.555711029834747
T48	22.607374641375596	22.607374641375596
T49	24.44323527915926	24.44323527915926
T49	23.609432108433143	23.609432108433143
T49	23.572361866087608	23.572361866087608
T49	23.905252253641823	23.905252253641823
T49	24.599290651593826	24.599290651593826
T49	23.206675541473885	23.206675541473885
T49	24.054240149843057	24.054240149843057
T49	24.302286117071873	24.302286117071873
T49	21.90801403742714	21.90801403742714
T49	22.948273365978448	22.948273365978448
T49	21.688655675220897	21.688655675220897
T49	22.7716018167448	22.7716018167448
T49	22.702991075668855	22.702991075668855
T49	20.69027777766868	20.69027777766868
T49	19.696382620062415	19.696382620062415
T49	19.884240488768967	19.884240488768967
T49	20.380483206488627	20.380483206488627
T49	19.740345238743334	19.740345238743334
T49	20.4346577095402	20.4346577095402
T49	19.55045966594187	19.55045966594187
T49	19.610968594921005	19.610968594921005
T49	20.127645528452184	20.127645528452184
T49	19.816516040134065	19.816516040134065
T50	23.613069572061164	23.613069572061164
T50	23.967847650045464	23.967847650045464
T51	23.286389371375456	23.286389371375456
T51	22.677524566706456	22.677524566706456
T51	21.78447451904243	21.78447451904243
T51	20.35745248279279	20.35745248279279
T51	19.426225100828905	19.426225100828905
T53	23.698053810642733	23.698053810642733
T53	24.08392075717412	24.08392075717412
T53	24.091799806525312	24.091799806525312
T53	23.132619418537086	23.132619418537086
T53	24.078659491157055	24.078659491157055
T53	23.777781004457594	23.777781004457594
T53	24.608554828795672	24.608554828795672
T53	23.13482075921649	23.13482075921649
T53	23.608098306487847	23.608098306487847
T53	23.499026432084786	23.499026432084786
T53	24.338875660282838	24.338875660282838
T53	24.175091973149257	24.175091973149257
T53	21.807611253414507	21.807611253414507
T53	21.51577939380948	21.51577939380948
T53	22.08356705990021	22.08356705990021
T53	21.365696032550265	21.365696032550265
T53	22.97030063690659	22.97030063690659
T53	22.287584963019782	22.287584963019782
T53	20.990962308604242	20.990962308604242
T53	20.628699125319972	20.628699125319972
T53	19.553858557266402	19.553858557266402
T53	16.919937612672193	16.919937612672193
T53	18.00226335142142	18.00226335142142
T53	19.48567160368467	19.48567160368467
T53	17.484819778053513	17.484819778053513
T53	18.697170310566	18.697170310566
T53	18.070919342272184	18.070919342272184
T53	19.512752959053305	19.512752959053305
T53	19.018190130703733	19.018190130703733
T53	19.895250597157535	19.895250597157535
T53	17.97613290560328	17.97613290560328
T53	20.21205851870856	20.21205851870856
T53	16.973782622453218	16.973782622453218
T53	17.01639694869899	17.01639694869899
T53	16.62133708001945	16.62133708001945
T53	19.04024831024951	19.04024831024951
T53	19.831739402468585	19.831739402468585
T53	17.924508629774778	17.924508629774778
T53	18.832496420074843	18.832496420074843
T53	18.18852303850158	18.18852303850158
T53	16.775408833738048	16.775408833738048
T53	16.83184455666275	16.83184455666275
T53	16.498269813946628	16.498269813946628
T53	20.152651782379905	20.152651782379905
T53	19.06047524727271	19.06047524727271
T53	17.53634631898069	17.53634631898069
T53	19.742882827703262	19.742882827703262
T53	16.772199184956587	16.772199184956587
T53	18.910412630960966	18.910412630960966
T53	20.2323756617082	20.2323756617082
T53	16.751645224177718	16.751645224177718
T53	20.293161056145514	20.293161056145514
T53	20.243946928674454	20.243946928674454
T53	19.032103749076768	19.032103749076768
T53	17.551243264155115	17.551243264155115
T53	18.703871575585225	18.703871575585225
T53	19.964239612168797	19.964239612168797
T53	18.1843013104898	18.1843013104898
T53	17.99969047690641	17.99969047690641
T53	19.00076550429906	19.00076550429906
T53	17.800892198672784	17.800892198672784
T53	17.514826150810055	17.514826150810055
T53	19.787657046034	19.787657046034
T53	17.926749441750044	17.926749441750044
T53	18.017316660105696	18.017316660105696
T53	19.397326193312537	19.397326193312537
T53	16.347204142283687	16.347204142283687
T53	17.07657937377482	17.07657937377482
T53	16.161854797628454	16.161854797628454
T53	16.751856787739	16.751856787739
T53	19.863885239778547	19.863885239778547
T53	20.12378599805668	20.12378599805668
T53	16.933637003274978	16.933637003274978
T53	17.550678750502	17.550678750502
T53	17.7882863882508	17.7882863882508
T53	19.864287722783182	19.864287722783182
T53	18.326241713219833	18.326241713219833
T54	24.276386479385447	24.276386479385447
T54	24.426970153184044	24.426970153184044
T55	20.92288762169249	20.92288762169249
T55	21.934784013498252	21.934784013498252
T55	22.85953384925054	22.85953384925054
T55	21.152010087627936	21.152010087627936
T55	19.112484069049206	19.112484069049206
T55	19.930766989994034	19.930766989994034
T55	18.54666260670778	18.54666260670778
T55	17.69153787070148	17.69153787070148
T55	17.89132796425843	17.89132796425843
T55	18.50418693091843	18.50418693091843
T55	16.59863477580594	16.59863477580594
T55	16.257846895671243	16.257846895671243
T55	14.109287251068972	14.109287251068972
T55	13.693196074394665	13.693196074394665
T55	13.42706034090987	13.42706034090987
T55	12.163261881562631	12.163261881562631
T55	12.003134167436578	12.003134167436578
T55	9.90723469288632	9.90723469288632
T55	10.576380889382042	10.576380889382042
T55	9.456688215911827	9.456688215911827
T55	11.092290562757876	11.092290562757876
T56	24.264021400733167	24.264021400733167
T56	23.97474497693894	23.97474497693894
T56	24.36321688499167	24.36321688499167
T56	22.55981066534154	22.55981066534154
T56	20.064342220966797	20.064342220966797
T56	20.211841407044915	20.211841407044915
T58	21.97300392121097	21.97300392121097
T58	20.881437941490354	20.881437941490354
T58	21.582185384629668	21.582185384629668
T61	20.596006358112362	20.596006358112362
T61	23.023158339448248	23.023158339448248
T61	21.17571265785194	21.17571265785194
T61	22.707518377238376	22.707518377238376
T61	17.70743794553973	17.70743794553973
T61	17.59473259522887	17.59473259522887
T61	16.6387343155752	16.6387343155752
T61	18.219690814878593	18.219690814878593
T61	17.760543101930388	17.760543101930388
T61	18.405863273740252	18.405863273740252
T61	16.901956591348924	16.901956591348924
T61	16.813995696064595	16.813995696064595
T61	16.579533558672956	16.579533558672956
T61	16.01514754363516	16.01514754363516
T61	16.86173594928792	16.86173594928792
T61	19.872854602657835	19.872854602657835
T61	17.883084401090276	17.883084401090276
T61	16.9319758348968	16.9319758348968
T61	18.80408712702204	18.80408712702204
T61	18.047945377266554	18.047945377266554
T61	15.979542957500282	15.979542957500282
T61	15.280811246173938	15.280811246173938
T61	14.417933087337417	14.417933087337417
T61	11.774288510594008	11.774288510594008
T61	13.718474276425288	13.718474276425288
T61	11.3167774861103	11.3167774861103
T61	10.885317971711897	10.885317971711897
T61	9.860585834920792	9.860585834920792
T61	9.689431173770078	9.689431173770078
T61	9.670643709970562	9.670643709970562
T61	8.49249937693029	8.49249937693029
T61	11.358919038812209	11.358919038812209
T61	11.280678878626956	11.280678878626956
T61	10.800054190342363	10.800054190342363
T61	10.640564429089833	10.640564429089833
T62	23.06623091763476	23.06623091763476
T62	23.65081328722377	23.65081328722377
T62	23.489850317735247	23.489850317735247
T62	23.241856574401442	23.241856574401442
T62	23.814314148450396	23.814314148450396
T62	22.627397181991693	22.627397181991693
T62	21.34531962918045	21.34531962918045
T62	22.093613783515824	22.093613783515824
T62	22.108659620958587	22.108659620958587
T67	23.911621339835463	23.911621339835463
T67	23.601972925969076	23.601972925969076
T67	23.492774103671056	23.492774103671056
T67	23.409350629314627	23.409350629314627
T68	23.693759238988044	23.693759238988044
T69	22.252705727893872	22.252705727893872
T69	19.222271708726034	19.222271708726034
T69	19.143168086760305	19.143168086760305
T69	19.8989342367855	19.8989342367855
T69	19.753952070425715	19.753952070425715
T69	20.072056436826603	20.072056436826603
T69	20.4309515210261	20.4309515210261
T69	19.757553777353806	19.757553777353806
T69	18.74661910829032	18.74661910829032
T70	22.731040318016444	22.731040318016444
T70	19.241989550651365	19.241989550651365
T70	19.48561862117381	19.48561862117381
T70	19.48112799745653	19.48112799745653
T70	20.14469379335018	20.14469379335018
T70	19.702006574917093	19.702006574917093
T70	20.004580603909627	20.004580603909627
T70	20.29949165414841	20.29949165414841
T70	19.93633420478879	19.93633420478879
T72	21.91676857816063	21.91676857816063
T72	20.64162923067829	20.64162923067829
T72	22.05872406502706	22.05872406502706
T72	21.93090548144834	21.93090548144834
T72	19.67973214826808	19.67973214826808
T72	20.04399174597496	20.04399174597496
T72	20.016630564543032	20.016630564543032
T72	20.265981188536582	20.265981188536582
T72	19.279224775810796	19.279224775810796
T72	19.338697718892547	19.338697718892547
T72	19.541015437992648	19.541015437992648
T72	18.880090430041545	18.880090430041545
T72	19.903969268626618	19.903969268626618
T72	18.29047670382799	18.29047670382799
T72	19.118255161245816	19.118255161245816
T72	19.794385539683656	19.794385539683656
T72	19.176804944906177	19.176804944906177
T72	19.524731801657893	19.524731801657893
T73	22.20220032577061	22.20220032577061
T73	22.163579258956485	22.163579258956485
T73	19.520539118955845	19.520539118955845
T73	17.871489491938124	17.871489491938124
T73	16.74572156733631	16.74572156733631
T73	18.51874267230966	18.51874267230966
T73	19.77775926131806	19.77775926131806
T73	17.489670109447015	17.489670109447015
T73	18.90801544603796	18.90801544603796
T73	19.040202854405525	19.040202854405525
T76	21.051187085211776	21.051187085211776
T76	16.364401527783873	16.364401527783873
T76	17.850462418895297	17.850462418895297
T76	19.26284734704341	19.26284734704341
T76	19.513360754263974	19.513360754263974
T76	19.11363127519514	19.11363127519514
T76	17.28192824976736	17.28192824976736
T76	18.872205925750503	18.872205925750503
T76	18.821721285786033	18.821721285786033
T76	18.35250657824499	18.35250657824499
T76	19.672988213101117	19.672988213101117
T76	19.021140618113535	19.021140618113535
T76	18.47866955516054	18.47866955516054
T76	19.976575810647557	19.976575810647557
T76	14.242560238662058	14.242560238662058
T76	15.691036307689922	15.691036307689922
T76	13.784132741041388	13.784132741041388
T76	13.29535571902453	13.29535571902453
T76	12.125043119426907	12.125043119426907
T76	12.329853258327683	12.329853258327683
T76	12.546791390057578	12.546791390057578
T76	7.347423339902397	7.347423339902397
T76	8.22044976404495	8.22044976404495
T76	8.681530623940569	8.681530623940569
T76	9.5726320580772	9.5726320580772
T76	7.248755622019275	7.248755622019275
T76	11.561438172839122	11.561438172839122
T76	10.658123968335609	10.658123968335609
T76	9.500932978887153	9.500932978887153
T76	10.003114507069565	10.003114507069565
T76	8.942821109783265	8.942821109783265
T76	10.92440815202036	10.92440815202036
T76	9.55219180642869	9.55219180642869
T76	9.03139193100888	9.03139193100888
T76	10.292848463065699	10.292848463065699
T76	7.846571118463137	7.846571118463137
T76	11.039679964117973	11.039679964117973
T76	10.147040297896856	10.147040297896856
T76	6.309897743507686	6.309897743507686
T76	4.072791945045783	4.072791945045783
T76	4.18071073317406	4.18071073317406
T76	5.057025655894075	5.057025655894075
T76	2.8396259894857607	2.8396259894857607
T76	2.7930409146593638	2.7930409146593638
T76	2.814740720716932	2.814740720716932
T76	3.4057235063260336	3.4057235063260336
T76	2.653355862051523	2.653355862051523
T76	2.772812634934247	2.772812634934247
T76	2.0144187428410634	2.0144187428410634
T76	1.6900674644158298	1.6900674644158298
T76	0.7777468620495772	0.7777468620495772
T76	0.0	0.0
T77	20.97929074978552	20.97929074978552
T77	20.24411705022502	20.24411705022502
T78	20.466895891671516	20.466895891671516
T78	16.682643101620968	16.682643101620968
T78	17.542860488276997	17.542860488276997
T78	18.792262391781897	18.792262391781897
T78	17.305740572396324	17.305740572396324
T78	19.476093819193295	19.476093819193295
T78	16.70320668164479	16.70320668164479
T78	19.678766194278595	19.678766194278595
T78	20.13377411898139	20.13377411898139
T78	17.42868420196262	17.42868420196262
T78	18.466239196175188	18.466239196175188
T78	15.461682913722665	15.461682913722665
T78	14.743841246100445	14.743841246100445
T78	12.984300109955843	12.984300109955843
T78	12.695526325710649	12.695526325710649
T78	7.279617954950989	7.279617954950989
T78	9.282412744509514	9.282412744509514
T78	7.696081406015879	7.696081406015879
T78	9.977307643434669	9.977307643434669
T78	9.773448664957602	9.773448664957602
T78	9.170614923432272	9.170614923432272
T78	9.134954761224709	9.134954761224709
T78	8.30135271007276	8.30135271007276
T78	11.135446083474793	11.135446083474793
T78	9.929731377209416	9.929731377209416
T78	7.631447059187703	7.631447059187703
T78	10.036762328028347	10.036762328028347
T78	11.225915970818427	11.225915970818427
T78	7.347648692491198	7.347648692491198
T78	8.495258662472988	8.495258662472988
T78	9.505930828885464	9.505930828885464
T78	6.939162678735126	6.939162678735126
T78	6.16491847846153	6.16491847846153
T78	6.1735781935417995	6.1735781935417995
T78	2.7660212848448897	2.7660212848448897
T78	2.5499815678161495	2.5499815678161495
T80	20.642206877083787	20.642206877083787
T80	20.717690310594435	20.717690310594435
T80	19.86992782641972	19.86992782641972
T80	20.249508719533306	20.249508719533306
T80	19.734894209863512	19.734894209863512
T80	19.87355040477321	19.87355040477321
T80	19.929685660575206	19.929685660575206
T82	17.08235036836392	17.08235036836392
T82	17.876324779803717	17.876324779803717
T82	17.84076133760448	17.84076133760448
T82	18.883789532407125	18.883789532407125
T82	18.290369303481313	18.290369303481313
T82	19.51356930701059	19.51356930701059
T82	17.32273671180517	17.32273671180517
T82	19.62088739103872	19.62088739103872
T82	17.81541535747379	17.81541535747379
T85	20.49084913993619	20.49084913993619
T85	18.736478350336885	18.736478350336885
T85	18.94591330979341	18.94591330979341
T85	17.72532201442078	17.72532201442078
T85	19.245214978984073	19.245214978984073
T85	18.063222912598345	18.063222912598345
T85	19.27644648499727	19.27644648499727
T85	17.58669881104112	17.58669881104112
T85	16.979935263578355	16.979935263578355
T85	18.466764849837872	18.466764849837872
T85	16.369838841052854	16.369838841052854
T85	18.06302750190141	18.06302750190141
T85	16.70296710886172	16.70296710886172
T85	17.09813143966495	17.09813143966495
T85	20.145493592578006	20.145493592578006
T85	19.945344224351174	19.945344224351174
T85	17.2086394948494	17.2086394948494
T85	16.704216717069176	16.704216717069176
T85	18.032162321571835	18.032162321571835
T85	19.872190303838156	19.872190303838156
T85	16.92387748828999	16.92387748828999
T85	18.849828390047616	18.849828390047616
T85	16.821035936574617	16.821035936574617
T85	19.570773616525305	19.570773616525305
T85	17.87920317569552	17.87920317569552
T85	20.32014253446692	20.32014253446692
T85	15.992933298756686	15.992933298756686
T85	19.603213496631895	19.603213496631895
T85	16.078216033077435	16.078216033077435
T85	18.47124123465801	18.47124123465801
T85	17.66608438171305	17.66608438171305
T85	19.023620850992437	19.023620850992437
T85	18.28028460373275	18.28028460373275
T85	16.5164553809172	16.5164553809172
T85	17.230265725487307	17.230265725487307
T85	17.139012879874816	17.139012879874816
T85	16.308817048168898	16.308817048168898
T85	17.853657976257153	17.853657976257153
T85	20.30306645391274	20.30306645391274
T85	20.02234381688067	20.02234381688067
T85	16.434738380277224	16.434738380277224
T85	17.06683145759454	17.06683145759454
T85	17.266220561167568	17.266220561167568
T85	19.40123068295453	19.40123068295453
T85	16.52535318314308	16.52535318314308
T85	20.241576648812096	20.241576648812096
T85	17.278233569695967	17.278233569695967
T85	19.20162365663561	19.20162365663561
T85	17.542698603593816	17.542698603593816
T85	17.459392783810795	17.459392783810795
T85	14.226472459370163	14.226472459370163
T85	15.356726247503909	15.356726247503909
T85	15.170741482475911	15.170741482475911
T85	15.465973640607412	15.465973640607412
T85	14.294741075136105	14.294741075136105
T85	15.666241074837874	15.666241074837874
T85	15.222459892264139	15.222459892264139
T85	14.08991629914388	14.08991629914388
T85	15.651186055351905	15.651186055351905
T85	14.438331815173225	14.438331815173225
T85	15.036984729987111	15.036984729987111
T85	15.31016345280586	15.31016345280586
T85	13.56965982781522	13.56965982781522
T85	13.761579617928005	13.761579617928005
T87	19.70148454510572	19.70148454510572
T87	19.385716439304854	19.385716439304854
T87	18.847676096336954	18.847676096336954
T88	19.238259137627487	19.238259137627487
T88	20.00412702642022	20.00412702642022
T88	19.751192933402905	19.751192933402905
T88	18.491172576931937	18.491172576931937
T88	16.624235656127574	16.624235656127574
T88	17.827889307221447	17.827889307221447
T88	18.87786902970501	18.87786902970501
T88	17.01433578080989	17.01433578080989
T88	19.189778020997714	19.189778020997714
T88	16.711665978121573	16.711665978121573
T88	19.27034475956537	19.27034475956537
T88	19.993962098514857	19.993962098514857
T88	20.031159304094256	20.031159304094256
T88	17.253677717001928	17.253677717001928
T88	19.032602047614404	19.032602047614404
T88	18.27923548989106	18.27923548989106
T88	17.483823542015163	17.483823542015163
T88	17.7628469802565	17.7628469802565
T88	20.09832251305276	20.09832251305276
T88	16.192888625669013	16.192888625669013
T88	16.707991718090682	16.707991718090682
T88	19.200845538505718	19.200845538505718
T88	16.477968859215576	16.477968859215576
T88	16.085221910985947	16.085221910985947
T88	19.824217847523002	19.824217847523002
T88	17.297761506096826	17.297761506096826
T88	17.75593029207889	17.75593029207889
T88	18.161726809614464	18.161726809614464
T88	16.164487087715006	16.164487087715006
T88	18.39767337394701	18.39767337394701
T88	17.95735049076775	17.95735049076775
T88	17.678034872056678	17.678034872056678
T88	15.983807014147061	15.983807014147061
T88	18.054124460192778	18.054124460192778
T88	15.817853423027989	15.817853423027989
T88	14.409149765291094	14.409149765291094
T88	15.10390424570577	15.10390424570577
T88	15.824453776504766	15.824453776504766
T88	14.510535784668386	14.510535784668386
T88	14.131120891222523	14.131120891222523
T88	15.69211437829596	15.69211437829596
T88	15.686121701473926	15.686121701473926
T88	11.763856579048557	11.763856579048557
T88	13.47927773696795	13.47927773696795
T88	12.16833993372388	12.16833993372388
T88	12.941456615493692	12.941456615493692
T88	12.000238200000133	12.000238200000133
T88	13.112976327067166	13.112976327067166
T88	12.10472927323449	12.10472927323449
T88	13.305940446089984	13.305940446089984
T88	13.493464172743218	13.493464172743218
T88	9.356315376610706	9.356315376610706
T88	7.6168793353827935	7.6168793353827935
T88	10.43325013567912	10.43325013567912
T88	8.324852173823508	8.324852173823508
T88	10.899483458138667	10.899483458138667
T88	10.933638727775483	10.933638727775483
T88	10.063815463590096	10.063815463590096
T88	7.424307173194046	7.424307173194046
T88	11.083112366783755	11.083112366783755
T88	9.860426472237876	9.860426472237876
T88	8.999938728836153	8.999938728836153
T88	8.783320846842708	8.783320846842708
T88	10.28995270984507	10.28995270984507
T88	9.585879574636955	9.585879574636955
T88	7.905795333860481	7.905795333860481
T88	7.305087193643946	7.305087193643946
T88	7.661289803164257	7.661289803164257
T88	8.74444979347902	8.74444979347902
T88	7.630932371665892	7.630932371665892
T88	7.925185010790278	7.925185010790278
T88	9.351356726174348	9.351356726174348
T88	8.968178829876878	8.968178829876878
T88	10.913393243628331	10.913393243628331
T88	9.492708448589307	9.492708448589307
T88	10.983991010402262	10.983991010402262
T88	8.880716023945444	8.880716023945444
T88	10.091801074820571	10.091801074820571
T88	7.669389549476877	7.669389549476877
T88	8.164900209901845	8.164900209901845
T88	10.112708268922843	10.112708268922843
T88	8.618940044364379	8.618940044364379
T88	9.012525697510007	9.012525697510007
T88	7.685156127516708	7.685156127516708
T88	11.600057191677779	11.600057191677779
T88	9.325722186980894	9.325722186980894
T88	7.552689787615052	7.552689787615052
T88	9.426436827794253	9.426436827794253
T88	9.960443572153185	9.960443572153185
T88	7.944997131803529	7.944997131803529
T88	11.54927541201051	11.54927541201051
T88	7.510006333647823	7.510006333647823
T88	11.516377637569224	11.516377637569224
T88	9.645660960170073	9.645660960170073
T88	10.49810159693924	10.49810159693924
T88	8.643220747597926	8.643220747597926
T88	10.728996564822902	10.728996564822902
T88	8.02028119515249	8.02028119515249
T88	10.348802142453387	10.348802142453387
T88	8.941567870482315	8.941567870482315
T88	7.001046694751727	7.001046694751727
T88	7.140693580007075	7.140693580007075
T88	6.6310900669749016	6.6310900669749016
T88	7.162750263550677	7.162750263550677
T89	18.768606064452356	18.768606064452356
T89	18.75400021235923	18.75400021235923
T89	19.451034542695513	19.451034542695513
T89	17.646386689017884	17.646386689017884
T89	19.484458473605187	19.484458473605187
T89	19.157346572354616	19.157346572354616
T89	18.971766498608694	18.971766498608694
T89	18.43613879867539	18.43613879867539
T91	16.847547975001984	16.847547975001984
T91	18.704212912741593	18.704212912741593
T91	16.927293451236096	16.927293451236096
T91	16.76129527916332	16.76129527916332
T91	18.95180390160227	18.95180390160227
T91	18.562924176547746	18.562924176547746
T91	19.13243942953856	19.13243942953856
T91	15.976623888486026	15.976623888486026
T91	16.90429314121578	16.90429314121578
T91	16.645296145442202	16.645296145442202
T91	17.97111547261268	17.97111547261268
T91	19.22286613327903	19.22286613327903
T91	18.160447958566102	18.160447958566102
T91	19.169541859946058	19.169541859946058
T91	19.18627839720182	19.18627839720182
T91	19.160747492819013	19.160747492819013
T91	17.785411502813893	17.785411502813893
T91	16.382553874047506	16.382553874047506
T91	17.978317228603785	17.978317228603785
T91	16.04177517510492	16.04177517510492
T91	18.383294377637963	18.383294377637963
T91	16.84996236041115	16.84996236041115
T91	18.713833133559607	18.713833133559607
T91	18.838497306765007	18.838497306765007
T91	16.87583974355407	16.87583974355407
T91	18.779206110730758	18.779206110730758
T91	18.91826291558991	18.91826291558991
T91	16.033917019408328	16.033917019408328
T91	18.64888728712701	18.64888728712701
T91	17.90041112136054	17.90041112136054
T91	19.039578883840523	19.039578883840523
T91	14.51025115181709	14.51025115181709
T91	14.025382181504792	14.025382181504792
T91	15.298252869276206	15.298252869276206
T91	14.30994367647787	14.30994367647787
T91	15.02363591107327	15.02363591107327
T91	14.901542720604459	14.901542720604459
T91	14.096497487293918	14.096497487293918
T91	12.000798907851621	12.000798907851621
T91	12.75930769575663	12.75930769575663
T91	13.075613328897086	13.075613328897086
T91	12.102933664276232	12.102933664276232
T91	13.716995584397065	13.716995584397065
T91	12.296117767438407	12.296117767438407
T91	13.003666332685851	13.003666332685851
T91	11.745216315912286	11.745216315912286
T91	13.508169807278138	13.508169807278138
T91	12.443998269117047	12.443998269117047
T91	13.479355086630521	13.479355086630521
T91	12.566870645422513	12.566870645422513
T91	13.49161681905141	13.49161681905141
T91	11.640815984251992	11.640815984251992
T91	12.02329924697744	12.02329924697744
T91	12.342358957997885	12.342358957997885
T91	13.537859379852758	13.537859379852758
T91	12.132445873588056	12.132445873588056
T91	9.608725022597806	9.608725022597806
T91	11.367994378456018	11.367994378456018
T91	11.338550603789416	11.338550603789416
T91	8.416135099658714	8.416135099658714
T91	8.719787200357416	8.719787200357416
T91	9.79336966345146	9.79336966345146
T91	7.626030370649974	7.626030370649974
T91	10.766817122249007	10.766817122249007
T91	10.968648484402527	10.968648484402527
T91	9.52533552987754	9.52533552987754
T91	9.831922100821604	9.831922100821604
T91	8.391076457215238	8.391076457215238
T91	10.888186605012166	10.888186605012166
T91	8.284623126465172	8.284623126465172
T91	11.390786852269967	11.390786852269967
T91	10.193748133022016	10.193748133022016
T91	7.929631129793522	7.929631129793522
T91	9.439574816712732	9.439574816712732
T91	8.832522337524836	8.832522337524836
T91	9.553870603505189	9.553870603505189
T91	11.256403792599585	11.256403792599585
T91	8.025307521256789	8.025307521256789
T91	7.945774137104323	7.945774137104323
T91	8.401334589191167	8.401334589191167
T91	10.81595604330833	10.81595604330833
T91	8.206623468316138	8.206623468316138
T91	9.093475812580664	9.093475812580664
T91	11.102393737951445	11.102393737951445
T91	8.50318804479421	8.50318804479421
T91	10.909821125579631	10.909821125579631
T91	10.24946805416085	10.24946805416085
T91	11.510886838303419	11.510886838303419
T91	10.69951569411481	10.69951569411481
T91	9.927136650123089	9.927136650123089
T91	10.962608223035131	10.962608223035131
T91	9.299063210571873	9.299063210571873
T91	7.347107183051346	7.347107183051346
T91	9.920208103751037	9.920208103751037
T91	10.324483841130728	10.324483841130728
T91	8.84408432832222	8.84408432832222
T91	9.260507923254101	9.260507923254101
T91	8.86597182501037	8.86597182501037
T91	8.40458362132237	8.40458362132237
T91	5.497009775390178	5.497009775390178
T91	6.995059517540499	6.995059517540499
T91	5.480364977192028	5.480364977192028
T91	6.729712919352853	6.729712919352853
T91	6.811327147083891	6.811327147083891
T91	6.017168485855008	6.017168485855008
T91	7.116826553670942	7.116826553670942
T91	6.437165050204107	6.437165050204107
T91	6.17567797916425	6.17567797916425
T91	7.16623650113011	7.16623650113011
T91	6.497995053754757	6.497995053754757
T91	5.8920598764283785	5.8920598764283785
T91	6.1869637702796805	6.1869637702796805
T91	6.084358235759512	6.084358235759512
T91	7.021438133068909	7.021438133068909
T91	5.409633858448932	5.409633858448932
T91	5.7867937858985385	5.7867937858985385
T91	5.621732122259681	5.621732122259681
T91	6.009745366299069	6.009745366299069
T91	5.330671849279476	5.330671849279476
T91	5.038971390058835	5.038971390058835
T91	4.228511229756974	4.228511229756974
T91	4.2025628391900645	4.2025628391900645
T91	4.342592015793235	4.342592015793235
T91	3.7759461177747067	3.7759461177747067
T91	4.8416071831934815	4.8416071831934815
T91	4.013967265071913	4.013967265071913
T91	5.217139326361811	5.217139326361811
T91	4.305742579897908	4.305742579897908
T91	4.865893827837151	4.865893827837151
T91	3.497944228605226	3.497944228605226
T91	3.4368863765182516	3.4368863765182516
T91	3.273642279701698	3.273642279701698
T91	3.071479498834897	3.071479498834897
T91	2.6664731575720113	2.6664731575720113
T91	3.099812574445129	3.099812574445129
T91	3.542659780423317	3.542659780423317
T91	2.6490052309072945	2.6490052309072945
T91	3.008556676519638	3.008556676519638
T91	3.5800249262543233	3.5800249262543233
T91	2.7912501033978767	2.7912501033978767
T91	2.5569532912276838	2.5569532912276838
T91	2.070715515190944	2.070715515190944
T91	1.0379104772572112	1.0379104772572112
T91	0.8229371014884959	0.8229371014884959
T91	0.13164004535446583	0.13164004535446583
T91	0.5201356975187243	0.5201356975187243
T91	0.20305205259721837	0.20305205259721837
T91	0.08135576189172178	0.08135576189172178
T91	0.0	0.0
T93	18.389346193513298	18.389346193513298
T93	16.394540945720102	16.394540945720102
T93	16.804939886899376	16.804939886899376
T93	17.83786353938729	17.83786353938729
T93	18.213211567117007	18.213211567117007
T93	17.57319481050425	17.57319481050425
T93	16.22690577894341	16.22690577894341
T93	18.466967867602296	18.466967867602296
T93	16.065354860226183	16.065354860226183
T93	16.7941556278921	16.7941556278921
T93	16.317735707854496	16.317735707854496
T93	16.8938194608901	16.8938194608901
T93	16.469676362823385	16.469676362823385
T93	16.713414695599923	16.713414695599923
T93	16.544921748612932	16.544921748612932
T93	17.422365175555175	17.422365175555175
T93	16.8200355090574	16.8200355090574
T93	16.326415228022615	16.326415228022615
T93	16.500359739541764	16.500359739541764
T93	18.328970593681834	18.328970593681834
T93	17.234810163940246	17.234810163940246
T93	16.09962478335425	16.09962478335425
T93	16.381160874247733	16.381160874247733
T93	18.366486176161864	18.366486176161864
T93	16.79445850413172	16.79445850413172
T93	17.08744094340065	17.08744094340065
T93	17.885442278521907	17.885442278521907
T93	16.121267631053428	16.121267631053428
T93	17.829494964893474	17.829494964893474
T93	16.954261872753097	16.954261872753097
T93	17.724878859940905	17.724878859940905
T93	18.396162887694526	18.396162887694526
T93	18.41726184732258	18.41726184732258
T93	16.3516771499211	16.3516771499211
T93	17.020108084804487	17.020108084804487
T93	16.72193258618013	16.72193258618013
T93	17.176596940245968	17.176596940245968
T93	16.45016184735162	16.45016184735162
T93	16.587564758563698	16.587564758563698
T93	16.904296918149544	16.904296918149544
T93	16.415878200966755	16.415878200966755
T93	17.979955446263542	17.979955446263542
T93	16.266548963488507	16.266548963488507
T93	16.604697102476045	16.604697102476045
T93	16.459644213899942	16.459644213899942
T93	16.21639294814394	16.21639294814394
T93	16.55425268855123	16.55425268855123
T93	17.896215368020997	17.896215368020997
T93	17.164579083362877	17.164579083362877
T93	16.788664899102567	16.788664899102567
T93	16.638847374924687	16.638847374924687
T93	18.28800850951504	18.28800850951504
T93	17.654437379938813	17.654437379938813
T93	14.97146923855294	14.97146923855294
T93	14.495447964914172	14.495447964914172
T93	14.58657293058019	14.58657293058019
T93	14.819736229464642	14.819736229464642
T93	13.919794227853746	13.919794227853746
T93	14.17699699886161	14.17699699886161
T93	15.52988951409251	15.52988951409251
T93	14.06092005365822	14.06092005365822
T93	15.492217279497622	15.492217279497622
T93	15.14006809643905	15.14006809643905
T93	15.339171449365855	15.339171449365855
T93	15.663060589424047	15.663060589424047
T93	14.831677665265184	14.831677665265184
T93	15.536447936852403	15.536447936852403
T93	14.08897149908604	14.08897149908604
T93	15.430370792141543	15.430370792141543
T93	14.471092199198175	14.471092199198175
T93	15.845850002535613	15.845850002535613
T93	15.310590505455773	15.310590505455773
T93	15.002123351544192	15.002123351544192
T93	15.917729419564418	15.917729419564418
T93	14.525361923727433	14.525361923727433
T93	13.765883810274106	13.765883810274106
T94	16.391698290316	16.391698290316
T94	17.768866638540825	17.768866638540825
T95	16.23709907104699	16.23709907104699
T95	16.424107035716638	16.424107035716638
T95	16.903879084027537	16.903879084027537
T95	16.388425485099123	16.388425485099123
T95	17.947139168759158	17.947139168759158
T95	17.326512123542454	17.326512123542454
T95	17.859304264347454	17.859304264347454
T95	17.666253945959625	17.666253945959625
T95	17.282799102861794	17.282799102861794
T95	17.124215034318894	17.124215034318894
T95	16.414614345962832	16.414614345962832
T95	17.55002242788807	17.55002242788807
T95	18.008444457381096	18.008444457381096
T95	17.40377669497483	17.40377669497483
T95	17.299286418050407	17.299286418050407
T95	16.853768141731965	16.853768141731965
T95	16.555912568412182	16.555912568412182
T95	16.312046624868174	16.312046624868174
T95	17.91958281986837	17.91958281986837
T95	16.803084330438203	16.803084330438203
T95	16.89407733751213	16.89407733751213
T95	17.41906787151528	17.41906787151528
T95	17.55975823059462	17.55975823059462
T95	17.73946105228039	17.73946105228039
T95	17.593139516586504	17.593139516586504
T95	16.283454992254292	16.283454992254292
T95	16.81496688656874	16.81496688656874
T95	16.50213062938842	16.50213062938842
T95	17.818605834179582	17.818605834179582
T95	17.677073630816672	17.677073630816672
T95	16.19733014468141	16.19733014468141
T95	16.692025392388448	16.692025392388448
T95	17.370321897738762	17.370321897738762
T95	15.708602731703678	15.708602731703678
T95	13.821705637053258	13.821705637053258
T95	14.080582257215998	14.080582257215998
T95	15.413309875864694	15.413309875864694
T95	15.017669297455253	15.017669297455253
T95	15.91664913201738	15.91664913201738
T95	14.036082238864111	14.036082238864111
T95	15.455167880028995	15.455167880028995
T95	14.404423369003688	14.404423369003688
T95	15.320065020082342	15.320065020082342
T95	15.10967287332543	15.10967287332543
T95	14.786784283842225	14.786784283842225
T95	15.52394151188901	15.52394151188901
T95	15.478780304001038	15.478780304001038
T95	14.703372187222376	14.703372187222376
T95	11.96889189817515	11.96889189817515
T95	13.460639903992117	13.460639903992117
T95	12.45878369912545	12.45878369912545
T95	12.16258681628376	12.16258681628376
T95	12.511922374647144	12.511922374647144
T95	11.985266025790729	11.985266025790729
T95	13.275832133882718	13.275832133882718
T95	12.111067375369435	12.111067375369435
T95	13.70543683012786	13.70543683012786
T95	12.404050224017757	12.404050224017757
T95	12.246384955262883	12.246384955262883
T95	12.074787529222924	12.074787529222924
T95	13.458526507478654	13.458526507478654
T95	12.528642601608542	12.528642601608542
T95	13.507085826324769	13.507085826324769
T95	12.716666301272369	12.716666301272369
T95	11.330490278892986	11.330490278892986
T95	11.410159835580162	11.410159835580162
T95	9.825137913687653	9.825137913687653
T95	10.042040282343866	10.042040282343866
T95	10.465940003327903	10.465940003327903
T95	9.761449503409183	9.761449503409183
T95	11.52492551618965	11.52492551618965
T95	10.320528771195267	10.320528771195267
T95	10.649464320795952	10.649464320795952
T95	10.667738784759962	10.667738784759962
T95	11.531905229994091	11.531905229994091
T95	10.710066977517204	10.710066977517204
T95	9.674124606084757	9.674124606084757
T95	10.870097465914938	10.870097465914938
T95	10.922586057228333	10.922586057228333
T95	10.119366271904447	10.119366271904447
T95	10.523596598367691	10.523596598367691
T95	11.260778771386812	11.260778771386812
T95	10.35301399479685	10.35301399479685
T95	9.835841561065703	9.835841561065703
T95	11.20049168981368	11.20049168981368
T95	11.150697803967503	11.150697803967503
T95	10.82578456000093	10.82578456000093
T95	10.874226792684322	10.874226792684322
T95	10.092078344743378	10.092078344743378
T95	9.61220054663108	9.61220054663108
T95	10.84666704677589	10.84666704677589
T95	11.542029717128386	11.542029717128386
T96	16.669078366658567	16.669078366658567
T96	17.276810517802577	17.276810517802577
T96	17.749387186262787	17.749387186262787
T96	17.483271759224134	17.483271759224134
T96	16.410852909910556	16.410852909910556
T97	17.66986514661742	17.66986514661742
T98	17.53827439006827	17.53827439006827
T99	16.740599566015277	16.740599566015277
T99	16.08782604920755	16.08782604920755
T99	16.17026483147474	16.17026483147474
T99	16.396190493749852	16.396190493749852
T99	16.465940787250105	16.465940787250105
T99	17.021886239537405	17.021886239537405
T99	17.135686657069897	17.135686657069897
T99	17.408832996904117	17.408832996904117
T99	16.907105794337767	16.907105794337767
T99	17.345404856294653	17.345404856294653
T99	16.588586712942913	16.588586712942913
T99	16.673773207449887	16.673773207449887
T99	17.111616080526904	17.111616080526904
T99	17.00134963924525	17.00134963924525
T99	17.11885387791926	17.11885387791926
T99	14.617588271869884	14.617588271869884
T99	14.049216408540858	14.049216408540858
T99	14.885032200037855	14.885032200037855
T99	14.528577294168695	14.528577294168695
T99	14.903613756026832	14.903613756026832
T99	14.688058124137546	14.688058124137546
T99	15.744614065977988	15.744614065977988
T99	12.157877296766504	12.157877296766504
T99	12.696093450349355	12.696093450349355
T99	12.357654187710288	12.357654187710288
T99	12.981340590857076	12.981340590857076
T99	12.411876559244028	12.411876559244028
T99	13.66745929486669	13.66745929486669
T99	13.602784668463146	13.602784668463146
T99	7.421220571986875	7.421220571986875
T99	8.395695917935836	8.395695917935836
T99	8.480039968224418	8.480039968224418
T99	9.965594741426669	9.965594741426669
T99	10.563324117235753	10.563324117235753
T99	8.155152081856917	8.155152081856917
T99	10.160133595988324	10.160133595988324
T99	10.992422492283747	10.992422492283747
T99	10.477453296573627	10.477453296573627
T99	11.38430424463566	11.38430424463566
T99	8.816489133741761	8.816489133741761
T99	9.023949419892743	9.023949419892743
T99	9.36537169532438	9.36537169532438
T99	11.40571814928108	11.40571814928108
T99	8.124258665952135	8.124258665952135
T99	11.186764029938972	11.186764029938972
T99	8.949709172724063	8.949709172724063
T99	9.639504520744078	9.639504520744078
T99	9.24713292515011	9.24713292515011
T99	9.90897507300089	9.90897507300089
T99	11.23066811908533	11.23066811908533
T99	7.968269768855473	7.968269768855473
T99	11.558557813059272	11.558557813059272
T99	8.323660908303513	8.323660908303513
T99	10.874522257032023	10.874522257032023
T99	10.972088523711808	10.972088523711808
T99	7.82669495566933	7.82669495566933
T99	9.412474566805258	9.412474566805258
T99	7.532762620837097	7.532762620837097
T99	8.27753480135328	8.27753480135328
T99	9.07262319624965	9.07262319624965
T99	9.513708549601994	9.513708549601994
T99	11.398364721288564	11.398364721288564
T99	10.515990179193487	10.515990179193487
T99	9.641720822731049	9.641720822731049
T99	7.3976411795201455	7.3976411795201455
T99	10.005616903194728	10.005616903194728
T99	11.336324282066014	11.336324282066014
T99	10.146517262934319	10.146517262934319
T99	9.921577042150915	9.921577042150915
T99	10.367752300172146	10.367752300172146
T99	8.618558594319556	8.618558594319556
T99	7.555604992971529	7.555604992971529
T99	8.943579036707279	8.943579036707279
T99	11.436393203528636	11.436393203528636
T99	7.835491015061384	7.835491015061384
T99	9.389264554449218	9.389264554449218
T99	11.11278068968936	11.11278068968936
T99	9.83416203312175	9.83416203312175
T99	7.5682035378189365	7.5682035378189365
T99	11.251058152418958	11.251058152418958
T99	7.395312890417491	7.395312890417491
T99	9.997057023846091	9.997057023846091
T99	9.782905113761815	9.782905113761815
T99	11.165924492890309	11.165924492890309
T99	10.366758205341073	10.366758205341073
T99	7.718896440149211	7.718896440149211
T99	10.656529525005208	10.656529525005208
T99	8.978085080983275	8.978085080983275
T99	9.74624633106714	9.74624633106714
T99	5.783255249438008	5.783255249438008
T99	6.181973934608327	6.181973934608327
T99	6.395937119667885	6.395937119667885
T99	6.272223135032398	6.272223135032398
T99	5.665321629486661	5.665321629486661
T99	7.212046082165078	7.212046082165078
T99	6.750913850763613	6.750913850763613
T99	6.65091988981791	6.65091988981791
T99	5.914570104660109	5.914570104660109
T99	4.13686029394945	4.13686029394945
T99	4.557855652960451	4.557855652960451
T99	3.918854321064253	3.918854321064253
T99	4.317681882448498	4.317681882448498
T99	4.126439923184387	4.126439923184387
T99	5.3230475258305505	5.3230475258305505
T99	3.151496471562507	3.151496471562507
T99	3.3322198807035304	3.3322198807035304
T99	2.70201035415849	2.70201035415849
T99	3.4262746498537027	3.4262746498537027
T99	2.101928984162751	2.101928984162751
T99	1.967749068128366	1.967749068128366
T102	16.156218940869653	16.156218940869653
T102	11.905222156943136	11.905222156943136
T102	7.495566011641584	7.495566011641584
T102	9.165610919283747	9.165610919283747
T102	9.124784146921222	9.124784146921222
T102	11.309028446739202	11.309028446739202
T102	8.550931895747873	8.550931895747873
T103	13.865016165904764	13.865016165904764
T105	14.965184699611612	14.965184699611612
T105	15.425583665054123	15.425583665054123
T105	13.666267824882487	13.666267824882487
T105	12.664435991922257	12.664435991922257
T105	11.821555314146535	11.821555314146535
T105	13.818695358188927	13.818695358188927
T105	12.746147857270435	12.746147857270435
T105	13.109979619250609	13.109979619250609
T105	12.354974129820702	12.354974129820702
T105	11.252500526405536	11.252500526405536
T105	10.470215715246862	10.470215715246862
T105	10.632461600347662	10.632461600347662
T105	10.530602226876756	10.530602226876756
T105	9.95639772521444	9.95639772521444
T105	9.87849231290408	9.87849231290408
T105	11.091819662593025	11.091819662593025
T105	11.164543922566866	11.164543922566866
T105	9.496275628864321	9.496275628864321
T107	14.424436061982657	14.424436061982657
T107	14.868643366473481	14.868643366473481
T107	14.898791595020516	14.898791595020516
T108	14.020264149476771	14.020264149476771
T108	13.980999589064004	13.980999589064004
T108	13.835237147739983	13.835237147739983
T108	13.9445746498527	13.9445746498527
T108	13.210635256522394	13.210635256522394
T108	12.263924835605042	12.263924835605042
T108	12.876209950956063	12.876209950956063
T108	12.518462657238285	12.518462657238285
T108	12.045932381639387	12.045932381639387
T108	12.1894248605773	12.1894248605773
T108	13.770557853554457	13.770557853554457
T108	13.746305030858242	13.746305030858242
T108	12.303112876423633	12.303112876423633
T108	13.439727645127176	13.439727645127176
T108	12.955388182271655	12.955388182271655
T108	13.27369272006215	13.27369272006215
T108	13.371418554613614	13.371418554613614
T109	13.702485768881257	13.702485768881257
T109	8.446731150596683	8.446731150596683
T109	8.664273626970303	8.664273626970303
T109	7.70014619008964	7.70014619008964
T109	10.08503009536506	10.08503009536506
T109	8.457195598935126	8.457195598935126
T110	11.861566604967031	11.861566604967031
T110	13.383056801875549	13.383056801875549
T110	12.352678462719336	12.352678462719336
T110	11.933168973515293	11.933168973515293
T110	12.632677180131438	12.632677180131438
T110	12.579407785554544	12.579407785554544
T110	11.08124551814646	11.08124551814646
T110	9.26499326330328	9.26499326330328
T110	9.805335156257364	9.805335156257364
T110	11.25432649812597	11.25432649812597
T110	11.165397185235665	11.165397185235665
T110	7.672258180449397	7.672258180449397
T110	11.14866429738031	11.14866429738031
T110	11.442100332470307	11.442100332470307
T110	9.919878133695413	9.919878133695413
T110	9.757031801017604	9.757031801017604
T110	10.031632576223647	10.031632576223647
T110	9.565707700674979	9.565707700674979
T110	8.089909327333363	8.089909327333363
T110	7.476329721346856	7.476329721346856
T110	11.023219636981256	11.023219636981256
T110	9.748812729677885	9.748812729677885
T110	9.653014490139611	9.653014490139611
T110	9.920031659458106	9.920031659458106
T110	10.546001883919603	10.546001883919603
T110	9.818439709735918	9.818439709735918
T110	11.051134584629203	11.051134584629203
T110	7.714222696441164	7.714222696441164
T110	10.183605014229046	10.183605014229046
T110	7.037513054040349	7.037513054040349
T110	7.013288311123168	7.013288311123168
T110	7.1416315839695645	7.1416315839695645
T112	11.865991107097956	11.865991107097956
T112	12.103927209482263	12.103927209482263
T112	12.008575205156225	12.008575205156225
T112	11.852754966578367	11.852754966578367
T112	11.648469246008776	11.648469246008776
T112	10.720399417570972	10.720399417570972
T112	10.148581021438492	10.148581021438492
T112	10.351869738925501	10.351869738925501
T112	8.275082813263898	8.275082813263898
T112	11.610656092142515	11.610656092142515
T112	10.719801889100527	10.719801889100527
T112	7.946184742990903	7.946184742990903
T112	9.276751604720404	9.276751604720404
T112	10.438617691142891	10.438617691142891
T112	9.890479707610575	9.890479707610575
T112	11.465572231732759	11.465572231732759
T112	11.137917340616774	11.137917340616774
T112	9.131474241279808	9.131474241279808
T112	7.574191451551015	7.574191451551015
T112	9.890142519383478	9.890142519383478
T112	8.778803620854376	8.778803620854376
T112	11.26546726083711	11.26546726083711
T112	9.95892300062076	9.95892300062076
T112	8.570534898589692	8.570534898589692
T112	11.59374777372401	11.59374777372401
T112	8.080285646884658	8.080285646884658
T112	7.3337633340265835	7.3337633340265835
T112	11.31583619832629	11.31583619832629
T112	7.585783089500673	7.585783089500673
T112	8.910092892293516	8.910092892293516
T112	9.378334493360242	9.378334493360242
T112	8.573420143202208	8.573420143202208
T112	7.354066146445665	7.354066146445665
T112	9.731308176598336	9.731308176598336
T112	11.226428503502518	11.226428503502518
T112	10.752985296871124	10.752985296871124
T112	7.833424234973542	7.833424234973542
T112	9.880071891029532	9.880071891029532
T112	9.253501881200785	9.253501881200785
T112	8.369610481985845	8.369610481985845
T112	8.362124698816132	8.362124698816132
T112	7.929817672114325	7.929817672114325
T112	8.75497755912566	8.75497755912566
T112	8.029074164082868	8.029074164082868
T112	7.854175430554866	7.854175430554866
T112	8.006987521322767	8.006987521322767
T112	9.221679494083155	9.221679494083155
T112	11.448987241174246	11.448987241174246
T112	7.995291069231751	7.995291069231751
T112	9.777222806005259	9.777222806005259
T112	7.06306549162158	7.06306549162158
T112	5.375977513974389	5.375977513974389
T112	6.766759340995708	6.766759340995708
T112	5.691384145980525	5.691384145980525
T112	5.765323126754583	5.765323126754583
T112	5.94025222222607	5.94025222222607
T112	4.9261713846769615	4.9261713846769615
T112	4.380664673649524	4.380664673649524
T112	4.368976165193222	4.368976165193222
T112	4.915775378224995	4.915775378224995
T112	4.903415977445185	4.903415977445185
T112	4.327889811324737	4.327889811324737
T112	4.133958923991866	4.133958923991866
T112	3.8711171866421425	3.8711171866421425
T112	4.964979273560019	4.964979273560019
T112	4.336212714632491	4.336212714632491
T112	4.565840116132379	4.565840116132379
T112	5.166749586049672	5.166749586049672
T112	3.3335289198492726	3.3335289198492726
T112	2.9053876394208684	2.9053876394208684
T112	3.1606584806578013	3.1606584806578013
T112	3.0616759679632866	3.0616759679632866
T112	2.710298782823074	2.710298782823074
T112	3.313911944618029	3.313911944618029
T112	2.4481294312574424	2.4481294312574424
T112	2.456561334397443	2.456561334397443
T112	1.9740676734578537	1.9740676734578537
T112	2.530202834790021	2.530202834790021
T112	2.261430395336468	2.261430395336468
T112	2.4885523978491926	2.4885523978491926
T112	1.622838037785043	1.622838037785043
T112	1.4219260867062185	1.4219260867062185
T112	0.20138209134293994	0.20138209134293994
T112	0.5423370856605805	0.5423370856605805
T112	0.461681473005738	0.461681473005738
T112	0.2028421237124476	0.2028421237124476
T112	0.3677110364169924	0.3677110364169924
T112	0.4696302367596726	0.4696302367596726
T112	0.3421550245391051	0.3421550245391051
T112	0.5100046810237353	0.5100046810237353
T112	0.21257492754780116	0.21257492754780116
T112	0.7203545598148174	0.7203545598148174
T112	0.037748106004272225	0.037748106004272225
T112	0.06426103971877117	0.06426103971877117
T112	0.0	0.0
T113	10.078163569100406	10.078163569100406
T113	10.980071722997994	10.980071722997994
T113	10.045350489838976	10.045350489838976
T114	11.130547166906133	11.130547166906133
T114	10.787933923852272	10.787933923852272
T114	8.226164437808773	8.226164437808773
T114	9.62280488258835	9.62280488258835
T114	11.2598183839181	11.2598183839181
T114	7.802154330189361	7.802154330189361
T114	10.686143809935203	10.686143809935203
T115	11.319926773545816	11.319926773545816
T115	10.665592484717267	10.665592484717267
T115	10.462397612013095	10.462397612013095
T115	7.722786573790535	7.722786573790535
T115	11.505009238548373	11.505009238548373
T115	11.486874811572495	11.486874811572495
T115	7.312051207748128	7.312051207748128
T115	11.507060109694791	11.507060109694791
T115	8.374999556438745	8.374999556438745
T115	10.486208784259293	10.486208784259293
T115	7.89164781228647	7.89164781228647
T115	7.261635673013269	7.261635673013269
T115	8.464401098278556	8.464401098278556
T115	7.961246881865135	7.961246881865135
T115	8.337042791015332	8.337042791015332
T115	10.009526769316821	10.009526769316821
T115	9.660356232272722	9.660356232272722
T115	8.832919615776724	8.832919615776724
T115	11.17092961680655	11.17092961680655
T115	10.579857235969095	10.579857235969095
T115	8.389940900535107	8.389940900535107
T115	8.505827394679184	8.505827394679184
T115	5.995955920343581	5.995955920343581
T115	5.780640075916079	5.780640075916079
T115	7.2287752097271785	7.2287752097271785
T115	6.202578027520847	6.202578027520847
T115	4.755684088272231	4.755684088272231
T115	3.940045890462983	3.940045890462983
T115	2.784071945882369	2.784071945882369
T115	3.1490070011574214	3.1490070011574214
T115	3.154332842111496	3.154332842111496
T115	2.548269048074657	2.548269048074657
T115	1.510338849050212	1.510338849050212
T115	0.0	0.0
T116	10.321361434829711	10.321361434829711
T116	7.5591517182825285	7.5591517182825285
T116	8.306049255488155	8.306049255488155
T116	11.267202182221714	11.267202182221714
T116	10.177447401256087	10.177447401256087
T116	10.235205764055273	10.235205764055273
T116	9.948628360602685	9.948628360602685
T116	8.423843413582944	8.423843413582944
T116	8.3492345734227	8.3492345734227
T116	7.632422333038663	7.632422333038663
T116	9.136742859630527	9.136742859630527
T116	9.078364776790707	9.078364776790707
T116	7.518577249092694	7.518577249092694
T116	8.95137821165303	8.95137821165303
T116	10.693426801423502	10.693426801423502
T116	8.072544418405919	8.072544418405919
T116	9.582087946884347	9.582087946884347
T116	9.397587112826844	9.397587112826844
T116	8.161127923366944	8.161127923366944
T116	8.271514924016152	8.271514924016152
T116	8.756615269314322	8.756615269314322
T116	10.958105873183282	10.958105873183282
T116	10.303905628893833	10.303905628893833
T116	9.09607275931246	9.09607275931246
T116	9.475318897541051	9.475318897541051
T116	9.379808388602635	9.379808388602635
T116	5.508386017141353	5.508386017141353
T116	5.565646664996468	5.565646664996468
T116	6.45466087627594	6.45466087627594
T116	6.840162140480131	6.840162140480131
T116	6.561637721444647	6.561637721444647
T116	6.526755737042979	6.526755737042979
T116	6.4900078502650125	6.4900078502650125
T116	5.998182814116737	5.998182814116737
T116	3.982218445514553	3.982218445514553
T116	4.524076440452318	4.524076440452318
T116	3.306898672685342	3.306898672685342
T116	2.861706513028799	2.861706513028799
T116	2.797783406281735	2.797783406281735
T116	2.902792222680698	2.902792222680698
T116	2.185524001048769	2.185524001048769
T116	2.124112060763842	2.124112060763842
T117	11.359415125326013	11.359415125326013
T118	8.692385641146615	8.692385641146615
T118	8.014301459797423	8.014301459797423
T118	10.502430558227264	10.502430558227264
T118	7.31971727445569	7.31971727445569
T118	10.043961032499318	10.043961032499318
T118	9.193297529722471	9.193297529722471
T118	10.85319304928894	10.85319304928894
T118	9.421944865111195	9.421944865111195
T118	10.620940130932492	10.620940130932492
T118	10.081391016551379	10.081391016551379
T118	9.24705240461615	9.24705240461615
T118	10.132156259334193	10.132156259334193
T118	8.669582630015995	8.669582630015995
T118	10.810812068546229	10.810812068546229
T118	10.947932807999376	10.947932807999376
T118	10.460787577641021	10.460787577641021
T118	8.156108967922894	8.156108967922894
T119	9.339935237207614	9.339935237207614
T119	10.406356139581021	10.406356139581021
T119	7.422201692306557	7.422201692306557
T119	8.652283598015938	8.652283598015938
T119	8.415780511311036	8.415780511311036
T119	7.360176670674526	7.360176670674526
T119	8.20086102633308	8.20086102633308
T119	8.285763522936056	8.285763522936056
T119	9.9386598660701	9.9386598660701
T119	11.124779852868071	11.124779852868071
T119	7.128577018006036	7.128577018006036
T120	7.535962925451621	7.535962925451621
T120	9.968256586869305	9.968256586869305
T120	7.438609741171372	7.438609741171372
T120	9.062502940853218	9.062502940853218
T120	8.221229925082254	8.221229925082254
T120	10.745046635056951	10.745046635056951
T120	8.049677814146243	8.049677814146243
T120	9.048818862774219	9.048818862774219
T120	10.090602919415792	10.090602919415792
T120	7.60644672911104	7.60644672911104
T120	10.061379602743722	10.061379602743722
T120	7.66521896608293	7.66521896608293
T120	9.850059389661803	9.850059389661803
T120	9.246743242606689	9.246743242606689
T120	7.972001445119637	7.972001445119637
T120	8.917683748808074	8.917683748808074
T120	7.6387481220607105	7.6387481220607105
T120	10.83771932574035	10.83771932574035
T120	8.966783942024103	8.966783942024103
T120	9.938713264482379	9.938713264482379
T120	8.013437607509722	8.013437607509722
T120	10.029829525601295	10.029829525601295
T120	10.090398440394802	10.090398440394802
T120	8.44367310969054	8.44367310969054
T120	8.312444549179258	8.312444549179258
T120	8.884579393213693	8.884579393213693
T120	9.6926568479829	9.6926568479829
T120	8.349887801655077	8.349887801655077
T120	9.961682406868839	9.961682406868839
T120	8.969154542220926	8.969154542220926
T120	7.957074872788274	7.957074872788274
T120	8.4494797350058	8.4494797350058
T120	8.124107482334885	8.124107482334885
T120	8.594030446787214	8.594030446787214
T120	9.597420700155782	9.597420700155782
T120	9.933017072816417	9.933017072816417
T120	7.491617237482304	7.491617237482304
T120	10.84778455725568	10.84778455725568
T120	10.875349029594068	10.875349029594068
T120	8.635384228056534	8.635384228056534
T120	8.922506439910345	8.922506439910345
T120	8.246179732347203	8.246179732347203
T120	10.335120738564134	10.335120738564134
T120	7.836361641957083	7.836361641957083
T120	8.241226346146316	8.241226346146316
T120	8.754143948956811	8.754143948956811
T120	7.4211794818273065	7.4211794818273065
T120	8.374016853277826	8.374016853277826
T120	10.667227621785106	10.667227621785106
T120	9.4736862802115	9.4736862802115
T120	9.146852528637693	9.146852528637693
T121	9.15094324942904	9.15094324942904
T121	10.779381010443233	10.779381010443233
T121	10.180817541402265	10.180817541402265
T121	9.986224670961253	9.986224670961253
T121	9.187842977484669	9.187842977484669
T122	10.081875537752337	10.081875537752337
T122	7.873881583763429	7.873881583763429
T122	7.60971401623739	7.60971401623739
T122	8.076211615029031	8.076211615029031
T122	10.01179024627543	10.01179024627543
T122	9.444019490000295	9.444019490000295
T122	8.542221649323993	8.542221649323993
T122	10.30574736911817	10.30574736911817
T122	9.96545016083649	9.96545016083649
T122	7.5980120810739376	7.5980120810739376
T122	8.349718053710085	8.349718053710085
T122	7.295521999637373	7.295521999637373
T122	8.681484362517699	8.681484362517699
T122	9.221739686792855	9.221739686792855
T122	8.84597946746571	8.84597946746571
T122	5.714102857574345	5.714102857574345
T122	7.220150414055862	7.220150414055862
T122	5.853186167112547	5.853186167112547
T122	7.110543975531286	7.110543975531286
T122	5.711839283615914	5.711839283615914
T122	6.768740699248774	6.768740699248774
T122	6.107956314584577	6.107956314584577
T122	5.3582631312067495	5.3582631312067495
T122	7.158908031596943	7.158908031596943
T122	3.531873885813858	3.531873885813858
T122	3.5462026706928715	3.5462026706928715
T122	0.4960790443848188	0.4960790443848188
T122	0.0	0.0
T123	8.166584710112136	8.166584710112136
T123	8.18648048319695	8.18648048319695
T123	8.78599999379125	8.78599999379125
T123	8.944561043582132	8.944561043582132
T123	9.346183433757862	9.346183433757862
T123	7.482796394480413	7.482796394480413
T123	5.887218320823541	5.887218320823541
T123	5.96059010038196	5.96059010038196
T123	4.142727376308152	4.142727376308152
T123	3.753484477344558	3.753484477344558
T123	3.4334885096392536	3.4334885096392536
T123	1.3447242130886568	1.3447242130886568
T124	7.739331959045023	7.739331959045023
T124	9.07924479096508	9.07924479096508
T124	8.772264878560101	8.772264878560101
T124	7.368461954085579	7.368461954085579
T124	9.08432036057249	9.08432036057249
T124	8.78197966144828	8.78197966144828
T124	7.272908303511292	7.272908303511292
T124	7.838696789975822	7.838696789975822
T124	9.448356595719307	9.448356595719307
T124	8.873451112768615	8.873451112768615
T124	9.648316634602875	9.648316634602875
T124	9.096785869246009	9.096785869246009
T124	8.817094845538364	8.817094845538364
T124	7.078611366250784	7.078611366250784
T124	6.259338927316466	6.259338927316466
T124	5.7645279066001525	5.7645279066001525
T124	6.282627160886669	6.282627160886669
T124	7.073770494636131	7.073770494636131
T124	6.065000184355673	6.065000184355673
T124	4.437230505431496	4.437230505431496
T124	4.509255468823888	4.509255468823888
T124	3.3319313772780017	3.3319313772780017
T124	2.750283100240738	2.750283100240738
T124	0.3665789847578383	0.3665789847578383
T124	0.5460114720997323	0.5460114720997323
T124	0.4104500686739549	0.4104500686739549
T124	0.15940089056419104	0.15940089056419104
T124	0.0	0.0
T125	9.69089904683318	9.69089904683318
T126	8.07784343059822	8.07784343059822
T126	7.69174680301978	7.69174680301978
T126	8.30352175152919	8.30352175152919
T126	8.282941972301499	8.282941972301499
T126	7.369566109811675	7.369566109811675
T127	8.978584608960162	8.978584608960162
T127	8.877601077213944	8.877601077213944
T127	7.284172900250965	7.284172900250965
T127	7.271047433878144	7.271047433878144
T127	9.184321326822639	9.184321326822639
T127	5.703024530883114	5.703024530883114
T128	8.935797089813121	8.935797089813121
T128	9.22156665967088	9.22156665967088
T128	9.171471471423397	9.171471471423397
T128	9.067268540473984	9.067268540473984
T128	8.787871490560818	8.787871490560818
T130	7.443463527218052	7.443463527218052
T130	7.269613878982973	7.269613878982973
T130	8.083265163353555	8.083265163353555
T130	5.827488850243116	5.827488850243116
T130	5.45052080055863	5.45052080055863
T130	4.792327246692284	4.792327246692284
T130	2.9506830490828224	2.9506830490828224
T130	0.2859607002723823	0.2859607002723823
T130	0.0	0.0
T131	7.48323372228594	7.48323372228594
T131	8.201579085602358	8.201579085602358
T131	6.701632324648482	6.701632324648482
T131	3.609680025300242	3.609680025300242
T131	5.056292265036307	5.056292265036307
T131	3.91216737368938	3.91216737368938
T131	3.074168639707745	3.074168639707745
T131	0.6547855985471651	0.6547855985471651
T131	0.0	0.0
T132	7.93646854226946	7.93646854226946
T132	7.279214605265141	7.279214605265141
T132	7.394019116952765	7.394019116952765
T132	7.452311007686077	7.452311007686077
T132	6.256452199547389	6.256452199547389
T132	5.7670467146780435	5.7670467146780435
T132	6.000952234542103	6.000952234542103
T132	5.338870745751251	5.338870745751251
T132	6.85653680786292	6.85653680786292
T133	7.563421528404507	7.563421528404507
T134	7.5511555765966625	7.5511555765966625
T134	7.353503033656861	7.353503033656861
T134	7.5910243217130935	7.5910243217130935
T134	7.509904675617028	7.509904675617028
T134	7.60787860449321	7.60787860449321
T134	7.316248618458795	7.316248618458795
T134	7.3983396149721905	7.3983396149721905
T134	7.091609890431966	7.091609890431966
T134	7.174510151784181	7.174510151784181
T134	5.71893615628968	5.71893615628968
T134	7.161518470091915	7.161518470091915
T134	5.936494067664871	5.936494067664871
T134	6.933363418443879	6.933363418443879
T134	7.138109194879173	7.138109194879173
T134	5.934162712293526	5.934162712293526
T134	4.093031424809584	4.093031424809584
T134	3.800957389288814	3.800957389288814
T134	4.711146023805871	4.711146023805871
T134	4.092460575241512	4.092460575241512
T134	5.266754287997686	5.266754287997686
T134	4.295756429812298	4.295756429812298
T134	5.115162082929347	5.115162082929347
T134	3.8479420028264677	3.8479420028264677
T134	4.868655524877734	4.868655524877734
T134	2.970953154865104	2.970953154865104
T134	2.783273339667768	2.783273339667768
T134	3.328400886478542	3.328400886478542
T134	3.5430925476191413	3.5430925476191413
T134	2.758669795241744	2.758669795241744
T134	3.5600390157425568	3.5600390157425568
T134	2.9646585191723887	2.9646585191723887
T134	2.912985706450204	2.912985706450204
T134	2.040487231880693	2.040487231880693
T134	1.8761569640960123	1.8761569640960123
T134	2.3503499104476466	2.3503499104476466
T134	1.0663682061984412	1.0663682061984412
T134	1.6904381878930606	1.6904381878930606
T134	0.4692046673485701	0.4692046673485701
T134	0.7059603759700408	0.7059603759700408
T134	0.4128374248067486	0.4128374248067486
T134	0.0	0.0
T135	7.373137831462253	7.373137831462253
T135	7.630085411290927	7.630085411290927
T135	6.991388118075927	6.991388118075927
T135	5.830024912064882	5.830024912064882
T135	5.913944590298627	5.913944590298627
T135	5.627396557711937	5.627396557711937
T135	5.121845132080505	5.121845132080505
T135	5.249028553051614	5.249028553051614
T135	3.707397586907346	3.707397586907346
T135	4.516195638915768	4.516195638915768
T135	2.610369309857072	2.610369309857072
T135	3.370376933047527	3.370376933047527
T135	3.361963783458611	3.361963783458611
T135	2.6260774529640627	2.6260774529640627
T135	3.4187008608441607	3.4187008608441607
T135	2.728744654450223	2.728744654450223
T135	0.05453775265124444	0.05453775265124444
T135	0.0	0.0
T137	7.477932971482255	7.477932971482255
T137	7.281821741130064	7.281821741130064
T137	5.564095424218883	5.564095424218883
T137	5.904809448607094	5.904809448607094
T137	5.51886085691801	5.51886085691801
T137	5.593483741471806	5.593483741471806
T137	4.936962491827416	4.936962491827416
T137	4.896528234130588	4.896528234130588
T137	4.4888105513770435	4.4888105513770435
T137	3.6616791243194946	3.6616791243194946
T137	4.875074885771304	4.875074885771304
T137	2.972087231159491	2.972087231159491
T137	2.626472069952701	2.626472069952701
T137	2.714274285245054	2.714274285245054
T137	3.023964454158818	3.023964454158818
T137	2.89003087717297	2.89003087717297
T137	2.4152179870820545	2.4152179870820545
T137	2.119280332100769	2.119280332100769
T138	7.419905857823172	7.419905857823172
T138	7.331828912809334	7.331828912809334
T138	7.337515978311772	7.337515978311772
T138	5.7053268781264475	5.7053268781264475
T138	6.918636606887019	6.918636606887019
T138	5.434306021023809	5.434306021023809
T138	6.2985999762614115	6.2985999762614115
T138	6.965086232231179	6.965086232231179
T138	6.787010871470773	6.787010871470773
T138	6.233089917995974	6.233089917995974
T138	6.4365625161520885	6.4365625161520885
T138	6.992649159310937	6.992649159310937
T138	6.340032590972574	6.340032590972574
T138	6.342073823493031	6.342073823493031
T138	6.112396646544184	6.112396646544184
T138	6.709070052763501	6.709070052763501
T138	5.91270115224461	5.91270115224461
T138	7.208044680896101	7.208044680896101
T138	3.8921641224984223	3.8921641224984223
T138	3.911918553910085	3.911918553910085
T138	4.011760048959708	4.011760048959708
T138	4.193262452501379	4.193262452501379
T138	4.104383291370517	4.104383291370517
T138	4.214918858876127	4.214918858876127
T138	3.7895842749465514	3.7895842749465514
T138	5.0913316154236306	5.0913316154236306
T138	4.5461823160449	4.5461823160449
T138	4.54481089006167	4.54481089006167
T138	5.294305105925466	5.294305105925466
T138	2.963519502844907	2.963519502844907
T138	2.6652537429268475	2.6652537429268475
T138	3.2971606673975673	3.2971606673975673
T138	1.349401051503596	1.349401051503596
T139	5.551165511001884	5.551165511001884
T139	6.400707419920444	6.400707419920444
T139	5.163429752015337	5.163429752015337
T139	1.3627952965548689	1.3627952965548689
T139	0.0	0.0
T140	6.590777373274262	6.590777373274262
T140	6.455563920461368	6.455563920461368
T140	5.381502323350509	5.381502323350509
T140	6.416793880206058	6.416793880206058
T140	6.4895476469048035	6.4895476469048035
T140	6.033459622345552	6.033459622345552
T140	4.686602923539885	4.686602923539885
T140	2.590094114093305	2.590094114093305
T140	3.530547586206036	3.530547586206036
T140	2.8161639636074067	2.8161639636074067
T140	3.310625014414807	3.310625014414807
T140	2.8901490907518066	2.8901490907518066
T140	1.108382163274864	1.108382163274864
T140	1.6403359423341257	1.6403359423341257
T140	1.5633610356222456	1.5633610356222456
T140	0.8447232435757044	0.8447232435757044
T140	0.43789145384144496	0.43789145384144496
T140	0.5222721297165765	0.5222721297165765
T140	0.542597011548571	0.542597011548571
T140	0.4961459270143486	0.4961459270143486
T140	0.5351264980553527	0.5351264980553527
T140	0.4090731129641244	0.4090731129641244
T140	0.3298187901345456	0.3298187901345456
T140	0.2372190955412663	0.2372190955412663
T140	0.15621394204914751	0.15621394204914751
T140	0.0	0.0
T141	6.611850655102401	6.611850655102401
T141	4.682948484583056	4.682948484583056
T141	5.221981191912392	5.221981191912392
T141	4.746287260172842	4.746287260172842
T141	5.024763039525114	5.024763039525114
T141	2.555293011746261	2.555293011746261
T141	1.3221235585426419	1.3221235585426419
T142	5.8900444548462865	5.8900444548462865
T142	6.4828109367906395	6.4828109367906395
T142	6.306465988264902	6.306465988264902
T142	5.495348438941285	5.495348438941285
T142	6.188100129794979	6.188100129794979
T142	5.761635806733055	5.761635806733055
T142	4.10816444659807	4.10816444659807
T142	3.9928793764792143	3.9928793764792143
T142	4.776485170153701	4.776485170153701
T142	5.210980443173264	5.210980443173264
T142	3.629630191782736	3.629630191782736
T142	4.356828651738514	4.356828651738514
T142	4.618425017262945	4.618425017262945
T142	4.199378529520031	4.199378529520031
T142	4.41926183032296	4.41926183032296
T142	4.991966115929964	4.991966115929964
T142	3.600795404696691	3.600795404696691
T142	4.6489990191763155	4.6489990191763155
T142	3.86386330841501	3.86386330841501
T142	3.0669072012594896	3.0669072012594896
T142	2.8164135147330076	2.8164135147330076
T142	3.501987324386472	3.501987324386472
T142	2.7585766953607065	2.7585766953607065
T142	3.392209566797971	3.392209566797971
T142	3.4850219609920816	3.4850219609920816
T142	3.193245252993597	3.193245252993597
T142	3.478133557129492	3.478133557129492
T142	3.225909538897061	3.225909538897061
T142	3.502103142431636	3.502103142431636
T142	2.7389110030975363	2.7389110030975363
T142	3.269953989398718	3.269953989398718
T142	1.382008710623345	1.382008710623345
T142	1.3939573024771699	1.3939573024771699
T142	1.2749599273784076	1.2749599273784076
T142	0.9680761988688356	0.9680761988688356
T142	1.3694423418779982	1.3694423418779982
T142	1.0489278080685895	1.0489278080685895
T142	0.2607705540444629	0.2607705540444629
T142	0.5719180252558097	0.5719180252558097
T142	0.7107406399011017	0.7107406399011017
T142	0.5606099880538953	0.5606099880538953
T142	0.5007348484206688	0.5007348484206688
T142	0.4807374428468966	0.4807374428468966
T142	0.7008175803052706	0.7008175803052706
T142	0.45966241097079247	0.45966241097079247
T142	0.7124830464386784	0.7124830464386784
T142	0.5570457270967126	0.5570457270967126
T142	0.42903935940348903	0.42903935940348903
T142	0.24423521689095107	0.24423521689095107
T142	0.2587498034124043	0.2587498034124043
T142	0.3345681362903063	0.3345681362903063
T142	0.3526038899666762	0.3526038899666762
T142	0.10281449712586199	0.10281449712586199
T142	0.10129583159808803	0.10129583159808803
T142	0.0	0.0
T143	5.807293182947575	5.807293182947575
T143	6.050355300198094	6.050355300198094
T143	5.595031699243256	5.595031699243256
T143	5.755570771486508	5.755570771486508
T143	5.594277203960338	5.594277203960338
T143	5.670468092125588	5.670468092125588
T143	5.710824466665785	5.710824466665785
T143	5.988387922716196	5.988387922716196
T143	5.995764511085636	5.995764511085636
T143	5.9229662009895065	5.9229662009895065
T143	4.018714086770949	4.018714086770949
T143	5.213897033924157	5.213897033924157
T143	3.6518034601552203	3.6518034601552203
T143	3.606009449661318	3.606009449661318
T143	3.845199479823618	3.845199479823618
T143	3.3482658051013914	3.3482658051013914
T143	3.0063588831185144	3.0063588831185144
T143	3.0744065536060883	3.0744065536060883
T143	3.4679911200865274	3.4679911200865274
T143	3.014224941018017	3.014224941018017
T144	5.39808361392119	5.39808361392119
T144	5.695169475120786	5.695169475120786
T144	5.688854693777102	5.688854693777102
T144	5.489067069477903	5.489067069477903
T144	5.875454626375249	5.875454626375249
T144	4.332984297152132	4.332984297152132
T144	3.8635663982554167	3.8635663982554167
T145	5.659559384889372	5.659559384889372
T145	5.513244547814151	5.513244547814151
T145	5.347014213481253	5.347014213481253
T145	4.967030835326084	4.967030835326084
T145	3.1654949423057888	3.1654949423057888
T145	0.0	0.0
T146	5.485795868751422	5.485795868751422
T146	5.574978858409981	5.574978858409981
T146	5.627073572219544	5.627073572219544
T146	5.491096501112011	5.491096501112011
T146	5.294736956847836	5.294736956847836
T146	3.9586551903975224	3.9586551903975224
T146	5.2425499425401725	5.2425499425401725
T146	4.1811710586820094	4.1811710586820094
T146	3.7481143679383324	3.7481143679383324
T146	4.553974030768547	4.553974030768547
T146	4.624589495502978	4.624589495502978
T146	3.6608978828787526	3.6608978828787526
T146	4.21348200175015	4.21348200175015
T146	4.874805572305392	4.874805572305392
T146	4.203848362222674	4.203848362222674
T146	3.1494871923356222	3.1494871923356222
T146	3.438491714191371	3.438491714191371
T146	2.91856002375207	2.91856002375207
T146	2.9514596998411444	2.9514596998411444
T146	3.103274012972055	3.103274012972055
T146	3.3174437664612193	3.3174437664612193
T146	2.6903810134497426	2.6903810134497426
T146	2.8322863488487204	2.8322863488487204
T146	2.0895124447114948	2.0895124447114948
T146	1.9545115789760452	1.9545115789760452
T146	2.3094731762498055	2.3094731762498055
T146	0.8954651769157814	0.8954651769157814
T146	1.041968906894347	1.041968906894347
T146	0.9074378171479446	0.9074378171479446
T146	1.3533612150542835	1.3533612150542835
T146	0.16522670927479577	0.16522670927479577
T146	0.643939400608198	0.643939400608198
T146	0.7637562260252427	0.7637562260252427
T146	0.20849547524523515	0.20849547524523515
T146	0.732486133651336	0.732486133651336
T146	0.47241339087237355	0.47241339087237355
T146	0.7726508404635883	0.7726508404635883
T146	0.6352550564531417	0.6352550564531417
T146	0.0	0.0
T147	3.628516062591457	3.628516062591457
T147	4.916201402251292	4.916201402251292
T147	4.360403569349125	4.360403569349125
T147	3.3767358449121967	3.3767358449121967
T147	3.568417003736645	3.568417003736645
T147	3.1707741604994957	3.1707741604994957
T147	2.759461997517708	2.759461997517708
T147	2.414575210828786	2.414575210828786
T147	2.061040084646194	2.061040084646194
T147	2.467558767341683	2.467558767341683
T147	1.201487167893006	1.201487167893006
T147	0.17112353448682838	0.17112353448682838
T147	0.057291764570704465	0.057291764570704465
T147	0.0	0.0
T150	4.235262564358223	4.235262564358223
T150	4.237923206573168	4.237923206573168
T150	4.71819208438372	4.71819208438372
T151	3.323028518345734	3.323028518345734
T151	2.8692127496096766	2.8692127496096766
T151	2.8028114595722893	2.8028114595722893
T151	0.9290298553213389	0.9290298553213389
T151	0.12966445305665675	0.12966445305665675
T151	0.08515158976787782	0.08515158976787782
T151	0.0	0.0
T152	3.79594415913758	3.79594415913758
T152	3.949908296995984	3.949908296995984
T152	4.371051572649203	4.371051572649203
T152	3.754910839045457	3.754910839045457
T152	4.1976957620910245	4.1976957620910245
T152	3.529828561017551	3.529828561017551
T152	3.040862583104085	3.040862583104085
T152	3.5792097957022126	3.5792097957022126
T152	3.5496733436413948	3.5496733436413948
T152	2.8095429282685034	2.8095429282685034
T152	2.605861242263667	2.605861242263667
T152	3.4194194671401767	3.4194194671401767
T152	2.334286124783206	2.334286124783206
T152	2.1869200586568875	2.1869200586568875
T152	1.28157396792898	1.28157396792898
T152	1.262189921836314	1.262189921836314
T152	1.7507811810468796	1.7507811810468796
T152	0.18143653257008985	0.18143653257008985
T152	0.2664558766911297	0.2664558766911297
T152	0.17626306780973156	0.17626306780973156
T152	0.4474747296797651	0.4474747296797651
T152	0.6594815455323246	0.6594815455323246
T152	0.0795358998519152	0.0795358998519152
T152	0.07839668266205407	0.07839668266205407
T155	3.6622766601928745	3.6622766601928745
T155	3.3894626556916436	3.3894626556916436
T156	3.7397684692586295	3.7397684692586295
T156	2.8483658492390354	2.8483658492390354
T156	3.1400156566394624	3.1400156566394624
T156	3.4854895122471126	3.4854895122471126
T156	3.4995221268530776	3.4995221268530776
T156	2.5801992923183716	2.5801992923183716
T156	3.3456589119718663	3.3456589119718663
T156	3.1147000086874055	3.1147000086874055
T156	2.754277133260443	2.754277133260443
T157	3.176332063079638	3.176332063079638
T157	3.5090148520505298	3.5090148520505298
T158	2.920101619758995	2.920101619758995
T158	3.0448577181305168	3.0448577181305168
T158	2.9555023248733785	2.9555023248733785
T158	0.7414345118912775	0.7414345118912775
T158	0.21548414129832605	0.21548414129832605
T158	0.1878474791007051	0.1878474791007051
T158	0.0	0.0
T159	3.10108950710492	3.10108950710492
T159	2.6119703116221507	2.6119703116221507
T159	1.0656123191498121	1.0656123191498121
T159	1.789810145544373	1.789810145544373
T159	1.6266687808800295	1.6266687808800295
T159	0.30766890846884964	0.30766890846884964
T159	0.2347497097219824	0.2347497097219824
T159	0.2647625612330158	0.2647625612330158
T159	0.5021685256152741	0.5021685256152741
T159	0.0	0.0
T160	2.755338526391561	2.755338526391561
T160	3.1469766222592583	3.1469766222592583
T160	2.8468564367732996	2.8468564367732996
T160	2.513003995908222	2.513003995908222
T160	0.4125677114906446	0.4125677114906446
T160	0.26527605093979456	0.26527605093979456
T160	0.6797519074639374	0.6797519074639374
T160	0.0	0.0
T162	3.0299458637805023	3.0299458637805023
T162	2.7347078862740677	2.7347078862740677
T162	3.1199904565436185	3.1199904565436185
T162	2.7170491156121237	2.7170491156121237
T162	2.157238931090208	2.157238931090208
T162	2.318135433375062	2.318135433375062
T164	2.644242553217779	2.644242553217779
T164	1.654644545630374	1.654644545630374
T164	0.2560676826755447	0.2560676826755447
T164	0.0	0.0
T165	2.6615471865639773	2.6615471865639773
T165	2.3025072455560758	2.3025072455560758
T165	1.87755161342825	1.87755161342825
T166	2.636086598586003	2.636086598586003
T166	2.335012367065984	2.335012367065984
T166	2.5609347434390797	2.5609347434390797
T166	1.4663511447736868	1.4663511447736868
T166	1.3214354707881435	1.3214354707881435
T166	0.9091736056509209	0.9091736056509209
T166	0.4672855841852189	0.4672855841852189
T166	0.6414502471446137	0.6414502471446137
T166	0.18868213019992908	0.18868213019992908
T166	0.6694068533904458	0.6694068533904458
T166	0.7252519011673724	0.7252519011673724
T166	0.7368433428403243	0.7368433428403243
T166	0.5611459409179929	0.5611459409179929
T166	0.3084175654193506	0.3084175654193506
T166	0.06568549386844344	0.06568549386844344
T166	0.03471116741375878	0.03471116741375878
T166	0.0	0.0
T167	1.3879626688455242	1.3879626688455242
T167	1.2946246530705077	1.2946246530705077
T167	1.3974644991592435	1.3974644991592435
T167	1.6163995640116848	1.6163995640116848
T167	1.685358433622248	1.685358433622248
T167	0.17613388446263822	0.17613388446263822
T167	0.18639749853042076	0.18639749853042076
T167	0.1755375351354208	0.1755375351354208
T167	0.6471653637067151	0.6471653637067151
T167	0.0	0.0
T168	2.0581422705432924	2.0581422705432924
T168	1.120967494545607	1.120967494545607
T168	0.4754390672246439	0.4754390672246439
T168	0.0	0.0
T169	1.4969894723495432	1.4969894723495432
T169	1.7017483263533397	1.7017483263533397
T170	1.9876932922194273	1.9876932922194273
T170	0.8505579769566105	0.8505579769566105
T170	1.3037112263812765	1.3037112263812765
T170	1.5285177337264026	1.5285177337264026
T170	1.7552053796560998	1.7552053796560998
T170	1.7414478675386673	1.7414478675386673
T170	0.720071007221452	0.720071007221452
T170	0.6110903916961954	0.6110903916961954
T170	0.4335922951716599	0.4335922951716599
T170	0.0	0.0
T171	1.0921780960639371	1.0921780960639371
T171	0.24615743700840598	0.24615743700840598
T171	0.42320953382249676	0.42320953382249676
T171	0.6945704272544567	0.6945704272544567
T171	0.0	0.0
T172	1.1613067757034337	1.1613067757034337
T172	1.0155151542870984	1.0155151542870984
T172	0.5398911361286212	0.5398911361286212
T172	0.17850592822591604	0.17850592822591604
T172	0.5417865727710686	0.5417865727710686
T172	0.20659787620072634	0.20659787620072634
T172	0.4240637059929541	0.4240637059929541
T172	0.10837413809215242	0.10837413809215242
T172	0.0	0.0
T173	1.8148437118683451	1.8148437118683451
T173	2.049386924237491	2.049386924237491
T173	1.2298356812313878	1.2298356812313878
T173	1.4199022711612417	1.4199022711612417
T173	0.3421559552841302	0.3421559552841302
T173	0.13289083461642814	0.13289083461642814
T173	0.46571887424446184	0.46571887424446184
T173	0.22925133305953094	0.22925133305953094
T173	0.37301442420940883	0.37301442420940883
T173	0.2865880690788217	0.2865880690788217
T173	0.35527395094083497	0.35527395094083497
T173	0.0	0.0
T174	1.4343518747885222	1.4343518747885222
T176	0.8047346830189934	0.8047346830189934
T176	0.930150581603079	0.930150581603079
T176	1.6326854438644787	1.6326854438644787
T176	0.4452190654982739	0.4452190654982739
T176	0.25572845842006153	0.25572845842006153
T176	0.7630577647049096	0.7630577647049096
T176	0.25191476362270926	0.25191476362270926
T176	0.0	0.0
T177	0.5533168067614279	0.5533168067614279
T177	0.17685032144549118	0.17685032144549118
T177	0.0	0.0
T178	1.522787488699499	1.522787488699499
T178	0.802504784636246	0.802504784636246
T178	0.9896463392454656	0.9896463392454656
T178	1.7232222594327826	1.7232222594327826
T178	0.43138590713990216	0.43138590713990216
T178	0.6280502819055058	0.6280502819055058
T178	0.18396399699980293	0.18396399699980293
T178	0.0	0.0
T179	1.621192077537235	1.621192077537235
T181	0.3582504957335243	0.3582504957335243
T181	0.5223570040150189	0.5223570040150189
T181	0.0	0.0
T182	0.7371623251055506	0.7371623251055506
T182	0.30987002079239845	0.30987002079239845
T182	0.0	0.0
T184	1.451525908807801	1.451525908807801
T184	0.5107813665652866	0.5107813665652866
T184	0.42453799106464307	0.42453799106464307
T184	0.5595212496402263	0.5595212496402263
T184	0.0	0.0
T185	0.24171148786736396	0.24171148786736396
T185	0.3107707784517397	0.3107707784517397
T185	0.0	0.0
T186	1.4818229857561829	1.4818229857561829
T186	0.7403111624353587	0.7403111624353587
T186	0.41110130274923734	0.41110130274923734
T186	0.0	0.0
T187	1.006396967774369	1.006396967774369
T187	1.1952132117346568	1.1952132117346568
T187	0.5462956465542325	0.5462956465542325
T187	0.6224305560780246	0.6224305560780246
T188	0.2337224742301276	0.2337224742301276
T188	0.22570050401495811	0.22570050401495811
T188	0.0	0.0
T189	0.15563581254394376	0.15563581254394376
T189	0.6192689679531488	0.6192689679531488
T189	0.7449147229672972	0.7449147229672972
T189	0.0	0.0
T190	0.5518922704581026	0.5518922704581026
T190	0.0	0.0
T191	0.6885837702367732	0.6885837702367732
T191	0.47454487828056763	0.47454487828056763
T191	0.3869431916725985	0.3869431916725985
T191	0.0	0.0
T192	0.8113983039601386	0.8113983039601386
T193	0.7509591008848764	0.7509591008848764
T196	0.7026370872967097	0.7026370872967097
T196	0.6640345950759982	0.6640345950759982
T196	0.5403154919329177	0.5403154919329177
T196	0.4879826141132794	0.4879826141132794
T196	0.0913538993427874	0.0913538993427874
T196	0.0	0.0
T197	0.5357079802912529	0.5357079802912529
T197	0.4829251513744103	0.4829251513744103
T197	0.42361758620009715	0.42361758620009715
T197	0.1745684071930415	0.1745684071930415
T199	0.14806002501054116	0.14806002501054116
T199	0.15113712610884278	0.15113712610884278
T199	0.17711170255262493	0.17711170255262493
T199	0.0	0.0
T202	0.1340526940136108	0.1340526940136108
T202	0.0	0.0
T203	0.18696066146720616	0.18696066146720616
T203	0.29921998975909747	0.29921998975909747
T203	0.0	0.0
